product,review,issue_date,announcement_date,effective_close_date,country,action,company_name,stock_code,mapping_status,mapping_score,matched_name,mapping_source,source_pdf,row_order
standard,2007-05,2007-05-03,2007-05-03,2007-05-31,TAIWAN,deletion,PHOENIXTEC POWER CO,,manual_review_round4,0.0,Phoenixtec Power / Eaton Phoenixtec MMPL,Round4 manual_review: No reliable official/exchange or historical security-master source confirming Phoenixtec Power listed ticker; aggregator-only stock symbol not sufficient.,/Users/johan/Documents/invest/msci_index_reviews/pdf/stdindex/MSCI_May07_STPublicList.pdf,5
standard,2015-05,2015-05-12,2015-05-12,2015-05-29,TAIWAN,deletion,FAR EAST DEPT STORES,,needs_review,0.0,,,/Users/johan/Documents/invest/msci_index_reviews/pdf/stdindex/MSCI_May15_STPublicList.pdf,2
standard,2015-05,2015-05-12,2015-05-12,2015-05-29,TAIWAN,deletion,FORMOSA INTL HOTELS,,needs_review,0.0,,,/Users/johan/Documents/invest/msci_index_reviews/pdf/stdindex/MSCI_May15_STPublicList.pdf,4
standard,2010-11,2010-11-10,2010-11-10,2010-11-30,TAIWAN,addition,SINOAMERICAN SILICON PRO,,needs_review,0.0,,,/Users/johan/Documents/invest/msci_index_reviews/pdf/stdindex/MSCI_Nov10_STPublicList.pdf,6
standard,2010-11,2010-11-10,2010-11-10,2010-11-30,TAIWAN,deletion,CHINESE GAMER INT'L,,needs_review,0.0,,,/Users/johan/Documents/invest/msci_index_reviews/pdf/stdindex/MSCI_Nov10_STPublicList.pdf,1
standard,2012-11,2012-11-14,2012-11-14,2012-11-30,TAIWAN,deletion,SINOAMERICAN SILICON PRO,,needs_review,0.0,,,/Users/johan/Documents/invest/msci_index_reviews/pdf/stdindex/MSCI_Nov12_STPublicList.pdf,5
standard,2024-11,2024-11-06,2024-11-06,2024-11-25,TAIWAN,addition,INTL GAMES SYSTEM C,,needs_review,0.0,,,/Users/johan/Documents/invest/msci_index_reviews/pdf/stdindex/MSCI_Nov24_STPublicList.pdf,1
small_cap,2023-08,2023-08-10,2023-08-10,2023-08-31,TAIWAN,addition,AMBASSADOR HOTEL (THE),,needs_review,0.0,,,/Users/johan/Documents/invest/msci_index_reviews/pdf/smallcap/MSCI_Aug23_SCPublicList.pdf,3
small_cap,2023-08,2023-08-10,2023-08-10,2023-08-31,TAIWAN,addition,DEPO AUTO PARTS INDL CO,,needs_review,0.0,,,/Users/johan/Documents/invest/msci_index_reviews/pdf/smallcap/MSCI_Aug23_SCPublicList.pdf,7
small_cap,2023-08,2023-08-10,2023-08-10,2023-08-31,TAIWAN,addition,SUNONWEALTH ELEC MACHINE,,needs_review,0.0,,,/Users/johan/Documents/invest/msci_index_reviews/pdf/smallcap/MSCI_Aug23_SCPublicList.pdf,15
small_cap,2025-08,2025-08-07,2025-08-07,2025-08-26,TAIWAN,addition,ABLEPRINT TECHNOLOGY,,needs_review,0.0,,,/Users/johan/Documents/invest/msci_index_reviews/pdf/smallcap/MSCI_Aug25_SCPublicList.pdf,1
small_cap,2025-02,2025-02-11,2025-02-11,2025-02-28,TAIWAN,deletion,HOLYSTONE ENTERPRISE CO,,needs_review,0.0,,,/Users/johan/Documents/invest/msci_index_reviews/pdf/smallcap/MSCI_Feb25_SCPublicList.pdf,21
small_cap,2025-02,2025-02-11,2025-02-11,2025-02-28,TAIWAN,deletion,INTL CSRC INV HLDGS CO,,needs_review,0.0,,,/Users/johan/Documents/invest/msci_index_reviews/pdf/smallcap/MSCI_Feb25_SCPublicList.pdf,23
small_cap,2025-02,2025-02-11,2025-02-11,2025-02-28,TAIWAN,deletion,TAIWAN-ASIA SC CORP,,needs_review,0.0,,,/Users/johan/Documents/invest/msci_index_reviews/pdf/smallcap/MSCI_Feb25_SCPublicList.pdf,33
small_cap,2025-02,2025-02-11,2025-02-11,2025-02-28,TAIWAN,deletion,YUNG SHIN GLOBAL HOLDING,,needs_review,0.0,,,/Users/johan/Documents/invest/msci_index_reviews/pdf/smallcap/MSCI_Feb25_SCPublicList.pdf,41
small_cap,2026-02,2026-02-10,2026-02-10,2026-02-27,TAIWAN,deletion,YUNGSHIN CONST & DEV,,needs_review,0.0,,,/Users/johan/Documents/invest/msci_index_reviews/pdf/smallcap/MSCI_Feb26_SCPublicList.pdf,11
small_cap,2009-05,2009-05-13,2009-05-13,2009-05-29,TAIWAN,addition,A.G.V. PRODUCTS,,needs_review,0.0,,,/Users/johan/Documents/invest/msci_index_reviews/pdf/smallcap/MSCI_May09_SCPublicList.pdf,1
small_cap,2009-05,2009-05-13,2009-05-13,2009-05-29,TAIWAN,addition,COSMOS BANK TAIWAN,,needs_review,0.0,,,/Users/johan/Documents/invest/msci_index_reviews/pdf/smallcap/MSCI_May09_SCPublicList.pdf,4
small_cap,2009-05,2009-05-13,2009-05-13,2009-05-29,TAIWAN,addition,E-ONE MOLI ENERGY CORP,,needs_review,0.0,,,/Users/johan/Documents/invest/msci_index_reviews/pdf/smallcap/MSCI_May09_SCPublicList.pdf,8
small_cap,2009-05,2009-05-13,2009-05-13,2009-05-29,TAIWAN,addition,ORISE TECHNOLOGY CO,,needs_review,0.0,,,/Users/johan/Documents/invest/msci_index_reviews/pdf/smallcap/MSCI_May09_SCPublicList.pdf,20
small_cap,2009-05,2009-05-13,2009-05-13,2009-05-29,TAIWAN,addition,POWER QUOTIENT INT'L,,needs_review,0.0,,,/Users/johan/Documents/invest/msci_index_reviews/pdf/smallcap/MSCI_May09_SCPublicList.pdf,22
small_cap,2009-05,2009-05-13,2009-05-13,2009-05-29,TAIWAN,addition,TAIWAN LAND CORP,,needs_review,0.0,,,/Users/johan/Documents/invest/msci_index_reviews/pdf/smallcap/MSCI_May09_SCPublicList.pdf,29
small_cap,2009-05,2009-05-13,2009-05-13,2009-05-29,TAIWAN,deletion,FUBON NO 1 REIT,,needs_review,0.0,,,/Users/johan/Documents/invest/msci_index_reviews/pdf/smallcap/MSCI_May09_SCPublicList.pdf,9
small_cap,2009-05,2009-05-13,2009-05-13,2009-05-29,TAIWAN,deletion,SHIN KONG NO 1 REIT,,needs_review,0.0,,,/Users/johan/Documents/invest/msci_index_reviews/pdf/smallcap/MSCI_May09_SCPublicList.pdf,16
small_cap,2010-05,2010-05-11,2010-05-11,2010-05-26,TAIWAN,addition,ADV WIRELESS SEMICONDUC,,needs_review,0.0,,,/Users/johan/Documents/invest/msci_index_reviews/pdf/smallcap/MSCI_May10_SCPublicList.pdf,4
small_cap,2010-05,2010-05-11,2010-05-11,2010-05-26,TAIWAN,addition,DAHAN DEVELOPMENT CORP,,needs_review,0.0,,,/Users/johan/Documents/invest/msci_index_reviews/pdf/smallcap/MSCI_May10_SCPublicList.pdf,9
small_cap,2010-05,2010-05-11,2010-05-11,2010-05-26,TAIWAN,addition,DAXON TECHNOLOGY,,needs_review,0.0,,,/Users/johan/Documents/invest/msci_index_reviews/pdf/smallcap/MSCI_May10_SCPublicList.pdf,10
small_cap,2010-05,2010-05-11,2010-05-11,2010-05-26,TAIWAN,deletion,CATHAY NO 2 REIT,,needs_review,0.0,,,/Users/johan/Documents/invest/msci_index_reviews/pdf/smallcap/MSCI_May10_SCPublicList.pdf,1
small_cap,2011-05,2011-05-16,2011-05-16,2011-05-31,TAIWAN,addition,CHENMING MOLD INDUSTRY,,needs_review,0.0,,,/Users/johan/Documents/invest/msci_index_reviews/pdf/smallcap/MSCI_May11_SCPublicList.pdf,3
small_cap,2011-05,2011-05-16,2011-05-16,2011-05-31,TAIWAN,addition,CHIMEI MATERIALS TECH,,needs_review,0.0,,,/Users/johan/Documents/invest/msci_index_reviews/pdf/smallcap/MSCI_May11_SCPublicList.pdf,4
small_cap,2011-05,2011-05-16,2011-05-16,2011-05-31,TAIWAN,addition,MITAC INTERNATIONAL,,needs_review,0.0,,,/Users/johan/Documents/invest/msci_index_reviews/pdf/smallcap/MSCI_May11_SCPublicList.pdf,8
small_cap,2011-05,2011-05-16,2011-05-16,2011-05-31,TAIWAN,addition,SKYMEDI,,needs_review,0.0,,,/Users/johan/Documents/invest/msci_index_reviews/pdf/smallcap/MSCI_May11_SCPublicList.pdf,12
small_cap,2011-05,2011-05-16,2011-05-16,2011-05-31,TAIWAN,deletion,KAI CHIEH INTL INV,,needs_review,0.0,,,/Users/johan/Documents/invest/msci_index_reviews/pdf/smallcap/MSCI_May11_SCPublicList.pdf,2
small_cap,2012-05,2012-05-15,2012-05-15,2012-05-31,TAIWAN,addition,KOBIN ENVIRONMNTL ENTER,,needs_review,0.0,,,/Users/johan/Documents/invest/msci_index_reviews/pdf/smallcap/MSCI_May12_SCPublicList.pdf,1
small_cap,2012-05,2012-05-15,2012-05-15,2012-05-31,TAIWAN,deletion,CANDO CORP,,needs_review,0.0,,,/Users/johan/Documents/invest/msci_index_reviews/pdf/smallcap/MSCI_May12_SCPublicList.pdf,2
small_cap,2012-05,2012-05-15,2012-05-15,2012-05-31,TAIWAN,deletion,JENN FENG NEW ENERGY CO,,needs_review,0.0,,,/Users/johan/Documents/invest/msci_index_reviews/pdf/smallcap/MSCI_May12_SCPublicList.pdf,11
small_cap,2013-05,2013-05-15,2013-05-15,2013-05-31,TAIWAN,addition,GALLOP NO 1 REIT,,needs_review,0.0,,,/Users/johan/Documents/invest/msci_index_reviews/pdf/smallcap/MSCI_May13_SCPublicList.pdf,7
small_cap,2013-05,2013-05-15,2013-05-15,2013-05-31,TAIWAN,addition,KMC (KUEI MENG) INT'L,,needs_review,0.0,,,/Users/johan/Documents/invest/msci_index_reviews/pdf/smallcap/MSCI_May13_SCPublicList.pdf,9
small_cap,2013-05,2013-05-15,2013-05-15,2013-05-31,TAIWAN,addition,POWER QUOTIENT INT'L,,needs_review,0.0,,,/Users/johan/Documents/invest/msci_index_reviews/pdf/smallcap/MSCI_May13_SCPublicList.pdf,15
small_cap,2013-05,2013-05-15,2013-05-15,2013-05-31,TAIWAN,deletion,AVY PRECISION TECH,,needs_review,0.0,,,/Users/johan/Documents/invest/msci_index_reviews/pdf/smallcap/MSCI_May13_SCPublicList.pdf,1
small_cap,2013-05,2013-05-15,2013-05-15,2013-05-31,TAIWAN,deletion,CHENMING MOLD INDUSTRY,,needs_review,0.0,,,/Users/johan/Documents/invest/msci_index_reviews/pdf/smallcap/MSCI_May13_SCPublicList.pdf,3
small_cap,2013-05,2013-05-15,2013-05-15,2013-05-31,TAIWAN,deletion,COSMOS BANK TAIWAN,,needs_review,0.0,,,/Users/johan/Documents/invest/msci_index_reviews/pdf/smallcap/MSCI_May13_SCPublicList.pdf,5
small_cap,2013-05,2013-05-15,2013-05-15,2013-05-31,TAIWAN,deletion,PAN JIT INTERNATIONAL,,needs_review,0.0,,,/Users/johan/Documents/invest/msci_index_reviews/pdf/smallcap/MSCI_May13_SCPublicList.pdf,18
small_cap,2013-05,2013-05-15,2013-05-15,2013-05-31,TAIWAN,deletion,TAIWAN PULP & PAPER CO,,needs_review,0.0,,,/Users/johan/Documents/invest/msci_index_reviews/pdf/smallcap/MSCI_May13_SCPublicList.pdf,22
small_cap,2014-05,2014-05-14,2014-05-14,2014-05-30,TAIWAN,addition,ADVANCED LITH ELCTROCHM,,needs_review,0.0,,,/Users/johan/Documents/invest/msci_index_reviews/pdf/smallcap/MSCI_May14_SCPublicList.pdf,2
small_cap,2014-05,2014-05-14,2014-05-14,2014-05-30,TAIWAN,deletion,A.G.V. PRODUCTS,,needs_review,0.0,,,/Users/johan/Documents/invest/msci_index_reviews/pdf/smallcap/MSCI_May14_SCPublicList.pdf,1
small_cap,2014-05,2014-05-14,2014-05-14,2014-05-30,TAIWAN,deletion,CHAMPION BUILDING MATRLS,,needs_review,0.0,,,/Users/johan/Documents/invest/msci_index_reviews/pdf/smallcap/MSCI_May14_SCPublicList.pdf,4
small_cap,2015-05,2015-05-12,2015-05-12,2015-05-29,TAIWAN,addition,FAR EAST DEPT STORES,,needs_review,0.0,,,/Users/johan/Documents/invest/msci_index_reviews/pdf/smallcap/MSCI_May15_SCPublicList.pdf,4
small_cap,2015-05,2015-05-12,2015-05-12,2015-05-29,TAIWAN,addition,FORMOSA INTL HOTELS,,needs_review,0.0,,,/Users/johan/Documents/invest/msci_index_reviews/pdf/smallcap/MSCI_May15_SCPublicList.pdf,6
small_cap,2015-05,2015-05-12,2015-05-12,2015-05-29,TAIWAN,deletion,SHIHLIN ELECTRIC & ENGR,,needs_review,0.0,,,/Users/johan/Documents/invest/msci_index_reviews/pdf/smallcap/MSCI_May15_SCPublicList.pdf,2
small_cap,2016-05,2016-05-12,2016-05-12,2016-05-31,TAIWAN,addition,INTL GAMES SYSTEM C,,needs_review,0.0,,,/Users/johan/Documents/invest/msci_index_reviews/pdf/smallcap/MSCI_May16_SCPublicList.pdf,8
small_cap,2017-05,2017-05-15,2017-05-15,2017-05-31,TAIWAN,addition,GENIUS ELECTR OPTICAL,,needs_review,0.0,,,/Users/johan/Documents/invest/msci_index_reviews/pdf/smallcap/MSCI_May17_SCPublicList.pdf,4
small_cap,2017-05,2017-05-15,2017-05-15,2017-05-31,TAIWAN,deletion,GREEN ENERGY TECHNOLOGY,,needs_review,0.0,,,/Users/johan/Documents/invest/msci_index_reviews/pdf/smallcap/MSCI_May17_SCPublicList.pdf,3
small_cap,2018-05,2018-05-14,2018-05-14,2018-05-31,TAIWAN,addition,PAN JIT INTERNATIONAL,,needs_review,0.0,,,/Users/johan/Documents/invest/msci_index_reviews/pdf/smallcap/MSCI_May18_SCPublicList.pdf,6
small_cap,2018-05,2018-05-14,2018-05-14,2018-05-31,TAIWAN,deletion,CHIMEI MATERIALS TECH,,needs_review,0.0,,,/Users/johan/Documents/invest/msci_index_reviews/pdf/smallcap/MSCI_May18_SCPublicList.pdf,4
small_cap,2018-05,2018-05-14,2018-05-14,2018-05-31,TAIWAN,deletion,E-TON SOLAR TECH,,needs_review,0.0,,,/Users/johan/Documents/invest/msci_index_reviews/pdf/smallcap/MSCI_May18_SCPublicList.pdf,5
small_cap,2018-05,2018-05-14,2018-05-14,2018-05-31,TAIWAN,deletion,TAIWAN LAND CORP,,needs_review,0.0,,,/Users/johan/Documents/invest/msci_index_reviews/pdf/smallcap/MSCI_May18_SCPublicList.pdf,11
small_cap,2018-05,2018-05-14,2018-05-14,2018-05-31,TAIWAN,deletion,TAIWAN PCB TECHVEST CO,,needs_review,0.0,,,/Users/johan/Documents/invest/msci_index_reviews/pdf/smallcap/MSCI_May18_SCPublicList.pdf,12
small_cap,2019-05,2019-05-13,2019-05-13,2019-05-28,TAIWAN,deletion,CHUNG HSIN ELEC & MACH,,needs_review,0.0,,,/Users/johan/Documents/invest/msci_index_reviews/pdf/smallcap/MSCI_May19_SCPublicList.pdf,1
small_cap,2020-05,2020-05-12,2020-05-12,2020-05-29,TAIWAN,addition,LITE-ON SEMICONDUCTOR,,needs_review,0.0,,,/Users/johan/Documents/invest/msci_index_reviews/pdf/smallcap/MSCI_May20_SCPublicList.pdf,9
small_cap,2020-05,2020-05-12,2020-05-12,2020-05-29,TAIWAN,addition,MARKETECH INTL CORP,,needs_review,0.0,,,/Users/johan/Documents/invest/msci_index_reviews/pdf/smallcap/MSCI_May20_SCPublicList.pdf,10
small_cap,2021-05,2021-05-11,2021-05-11,2021-05-27,TAIWAN,addition,ITE TECHNOLOGY,,needs_review,0.0,,,/Users/johan/Documents/invest/msci_index_reviews/pdf/smallcap/MSCI_May21_SCPublicList.pdf,20
small_cap,2021-05,2021-05-11,2021-05-11,2021-05-27,TAIWAN,addition,UNIZYX HOLDING,,needs_review,0.0,,,/Users/johan/Documents/invest/msci_index_reviews/pdf/smallcap/MSCI_May21_SCPublicList.pdf,28
small_cap,2022-05,2022-05-12,2022-05-12,2022-05-31,TAIWAN,addition,OPTOTECH CORP,,needs_review,0.0,,,/Users/johan/Documents/invest/msci_index_reviews/pdf/smallcap/MSCI_May22_SCPublicList.pdf,11
small_cap,2022-05,2022-05-12,2022-05-12,2022-05-31,TAIWAN,addition,RUENTEX ENGR & CONST,,needs_review,0.0,,,/Users/johan/Documents/invest/msci_index_reviews/pdf/smallcap/MSCI_May22_SCPublicList.pdf,13
small_cap,2022-05,2022-05-12,2022-05-12,2022-05-31,TAIWAN,deletion,JIH SUN FINANCIAL,,needs_review,0.0,,,/Users/johan/Documents/invest/msci_index_reviews/pdf/smallcap/MSCI_May22_SCPublicList.pdf,5
small_cap,2023-05,2023-05-11,2023-05-11,2023-05-31,TAIWAN,addition,SHIHLIN ELECTRIC & ENGR,,needs_review,0.0,,,/Users/johan/Documents/invest/msci_index_reviews/pdf/smallcap/MSCI_May23_SCPublicList.pdf,4
small_cap,2023-05,2023-05-11,2023-05-11,2023-05-31,TAIWAN,addition,UNIZYX HOLDING,,needs_review,0.0,,,/Users/johan/Documents/invest/msci_index_reviews/pdf/smallcap/MSCI_May23_SCPublicList.pdf,5
small_cap,2024-05,2024-05-14,2024-05-14,2024-05-31,TAIWAN,addition,YUNGSHIN CONST & DEV,,needs_review,0.0,,,/Users/johan/Documents/invest/msci_index_reviews/pdf/smallcap/MSCI_May24_SCPublicList.pdf,28
small_cap,2025-05,2025-05-13,2025-05-13,2025-05-30,TAIWAN,addition,ECHEM SOLUTIONS,,needs_review,0.0,,,/Users/johan/Documents/invest/msci_index_reviews/pdf/smallcap/MSCI_May25_SCPublicList.pdf,1
small_cap,2025-05,2025-05-13,2025-05-13,2025-05-30,TAIWAN,deletion,GALLANT PREC MACHINING,,needs_review,0.0,,,/Users/johan/Documents/invest/msci_index_reviews/pdf/smallcap/MSCI_May25_SCPublicList.pdf,6
small_cap,2025-05,2025-05-13,2025-05-13,2025-05-30,TAIWAN,deletion,KMC (KUEI MENG) INTL,,needs_review,0.0,,,/Users/johan/Documents/invest/msci_index_reviews/pdf/smallcap/MSCI_May25_SCPublicList.pdf,8
small_cap,2008-11,2008-11-11,2008-11-11,2008-11-25,TAIWAN,addition,AVY PRECISION TECH,,needs_review,0.0,,,/Users/johan/Documents/invest/msci_index_reviews/pdf/smallcap/MSCI_Nov08_SCPublicList.pdf,3
small_cap,2008-11,2008-11-11,2008-11-11,2008-11-25,TAIWAN,addition,CANDO CORP,,needs_review,0.0,,,/Users/johan/Documents/invest/msci_index_reviews/pdf/smallcap/MSCI_Nov08_SCPublicList.pdf,4
small_cap,2008-11,2008-11-11,2008-11-11,2008-11-25,TAIWAN,addition,CHINA HI MENT,,needs_review,0.0,,,/Users/johan/Documents/invest/msci_index_reviews/pdf/smallcap/MSCI_Nov08_SCPublicList.pdf,7
small_cap,2008-11,2008-11-11,2008-11-11,2008-11-25,TAIWAN,addition,SOLARTECH ENERGY CORP,,needs_review,0.0,,,/Users/johan/Documents/invest/msci_index_reviews/pdf/smallcap/MSCI_Nov08_SCPublicList.pdf,17
small_cap,2008-11,2008-11-11,2008-11-11,2008-11-25,TAIWAN,deletion,WONTEN TECHNOLOGY CO,,needs_review,0.0,,,/Users/johan/Documents/invest/msci_index_reviews/pdf/smallcap/MSCI_Nov08_SCPublicList.pdf,5
small_cap,2008-11,2008-11-11,2008-11-11,2008-11-25,TAIWAN,deletion,RALINK TECHNOLOGY CORP,,needs_review,0.0,,,/Users/johan/Documents/invest/msci_index_reviews/pdf/smallcap/MSCI_Nov08_SCPublicList.pdf,10
small_cap,2009-11,2009-11-11,2009-11-11,2009-11-30,TAIWAN,addition,CHAMPION BUILDING MATRLS,,needs_review,0.0,,,/Users/johan/Documents/invest/msci_index_reviews/pdf/smallcap/MSCI_Nov09_SCPublicList.pdf,2
small_cap,2009-11,2009-11-11,2009-11-11,2009-11-30,TAIWAN,addition,HOLDKEY ELECTRIC WIRE,,needs_review,0.0,,,/Users/johan/Documents/invest/msci_index_reviews/pdf/smallcap/MSCI_Nov09_SCPublicList.pdf,12
small_cap,2009-11,2009-11-11,2009-11-11,2009-11-30,TAIWAN,addition,SINOAMERICAN SILICON PRO,,needs_review,0.0,,,/Users/johan/Documents/invest/msci_index_reviews/pdf/smallcap/MSCI_Nov09_SCPublicList.pdf,27
small_cap,2009-11,2009-11-11,2009-11-11,2009-11-30,TAIWAN,deletion,CATHAY NO 1 REIT,,needs_review,0.0,,,/Users/johan/Documents/invest/msci_index_reviews/pdf/smallcap/MSCI_Nov09_SCPublicList.pdf,1
small_cap,2009-11,2009-11-11,2009-11-11,2009-11-30,TAIWAN,deletion,YUNGSHIN CONSTR & DEVLPT,,needs_review,0.0,,,/Users/johan/Documents/invest/msci_index_reviews/pdf/smallcap/MSCI_Nov09_SCPublicList.pdf,3
small_cap,2010-11,2010-11-10,2010-11-10,2010-11-30,TAIWAN,addition,CHINESE GAMER INT'L,,needs_review,0.0,,,/Users/johan/Documents/invest/msci_index_reviews/pdf/smallcap/MSCI_Nov10_SCPublicList.pdf,6
small_cap,2010-11,2010-11-10,2010-11-10,2010-11-30,TAIWAN,addition,INTEGRATED MEMORY LOGIC,,needs_review,0.0,,,/Users/johan/Documents/invest/msci_index_reviews/pdf/smallcap/MSCI_Nov10_SCPublicList.pdf,14
small_cap,2010-11,2010-11-10,2010-11-10,2010-11-30,TAIWAN,addition,KAI CHIEH INTL INV,,needs_review,0.0,,,/Users/johan/Documents/invest/msci_index_reviews/pdf/smallcap/MSCI_Nov10_SCPublicList.pdf,15
small_cap,2010-11,2010-11-10,2010-11-10,2010-11-30,TAIWAN,addition,PC HOME ONLINE,,needs_review,0.0,,,/Users/johan/Documents/invest/msci_index_reviews/pdf/smallcap/MSCI_Nov10_SCPublicList.pdf,23
small_cap,2010-11,2010-11-10,2010-11-10,2010-11-30,TAIWAN,addition,PROSPERITY DIELECT CO LT,,needs_review,0.0,,,/Users/johan/Documents/invest/msci_index_reviews/pdf/smallcap/MSCI_Nov10_SCPublicList.pdf,24
small_cap,2010-11,2010-11-10,2010-11-10,2010-11-30,TAIWAN,addition,RUENTEX ENGIN & CONST,,needs_review,0.0,,,/Users/johan/Documents/invest/msci_index_reviews/pdf/smallcap/MSCI_Nov10_SCPublicList.pdf,25
small_cap,2010-11,2010-11-10,2010-11-10,2010-11-30,TAIWAN,addition,TAIWAN PULP & PAPER CO,,needs_review,0.0,,,/Users/johan/Documents/invest/msci_index_reviews/pdf/smallcap/MSCI_Nov10_SCPublicList.pdf,31
small_cap,2010-11,2010-11-10,2010-11-10,2010-11-30,TAIWAN,deletion,SINOAMERICAN SILICON PRO,,needs_review,0.0,,,/Users/johan/Documents/invest/msci_index_reviews/pdf/smallcap/MSCI_Nov10_SCPublicList.pdf,8
small_cap,2011-11,2011-11-15,2011-11-15,2011-11-30,TAIWAN,addition,TAIWAN PROSPERITY CHEMIC,,needs_review,0.0,,,/Users/johan/Documents/invest/msci_index_reviews/pdf/smallcap/MSCI_Nov11_SCPublicList.pdf,17
small_cap,2011-11,2011-11-15,2011-11-15,2011-11-30,TAIWAN,deletion,E-ONE MOLI ENERGY CORP,,needs_review,0.0,,,/Users/johan/Documents/invest/msci_index_reviews/pdf/smallcap/MSCI_Nov11_SCPublicList.pdf,11
small_cap,2011-11,2011-11-15,2011-11-15,2011-11-30,TAIWAN,deletion,HOLDKEY ELECTRIC WIRE,,needs_review,0.0,,,/Users/johan/Documents/invest/msci_index_reviews/pdf/smallcap/MSCI_Nov11_SCPublicList.pdf,16
small_cap,2011-11,2011-11-15,2011-11-15,2011-11-30,TAIWAN,deletion,MAGLAYERS SCIENTIFIC TE,,needs_review,0.0,,,/Users/johan/Documents/invest/msci_index_reviews/pdf/smallcap/MSCI_Nov11_SCPublicList.pdf,21
small_cap,2011-11,2011-11-15,2011-11-15,2011-11-30,TAIWAN,deletion,POWER QUOTIENT INT'L,,needs_review,0.0,,,/Users/johan/Documents/invest/msci_index_reviews/pdf/smallcap/MSCI_Nov11_SCPublicList.pdf,29
small_cap,2011-11,2011-11-15,2011-11-15,2011-11-30,TAIWAN,deletion,PROSPERITY DIELECT CO LT,,needs_review,0.0,,,/Users/johan/Documents/invest/msci_index_reviews/pdf/smallcap/MSCI_Nov11_SCPublicList.pdf,30
small_cap,2011-11,2011-11-15,2011-11-15,2011-11-30,TAIWAN,deletion,RUENTEX ENGIN & CONST,,needs_review,0.0,,,/Users/johan/Documents/invest/msci_index_reviews/pdf/smallcap/MSCI_Nov11_SCPublicList.pdf,32
small_cap,2011-11,2011-11-15,2011-11-15,2011-11-30,TAIWAN,deletion,SOLELYTEX INDUSTRIAL,,needs_review,0.0,,,/Users/johan/Documents/invest/msci_index_reviews/pdf/smallcap/MSCI_Nov11_SCPublicList.pdf,34
small_cap,2011-11,2011-11-15,2011-11-15,2011-11-30,TAIWAN,deletion,WELLYPOWER OPTRONICS,,needs_review,0.0,,,/Users/johan/Documents/invest/msci_index_reviews/pdf/smallcap/MSCI_Nov11_SCPublicList.pdf,42
small_cap,2012-11,2012-11-14,2012-11-14,2012-11-30,TAIWAN,addition,ILI TECHNOLOGY CORP,,needs_review,0.0,,,/Users/johan/Documents/invest/msci_index_reviews/pdf/smallcap/MSCI_Nov12_SCPublicList.pdf,4
small_cap,2012-11,2012-11-14,2012-11-14,2012-11-30,TAIWAN,addition,SINOAMERICAN SILICON PRO,,needs_review,0.0,,,/Users/johan/Documents/invest/msci_index_reviews/pdf/smallcap/MSCI_Nov12_SCPublicList.pdf,10
small_cap,2012-11,2012-11-14,2012-11-14,2012-11-30,TAIWAN,addition,TRANSASIA AIRWAYS,,needs_review,0.0,,,/Users/johan/Documents/invest/msci_index_reviews/pdf/smallcap/MSCI_Nov12_SCPublicList.pdf,11
small_cap,2012-11,2012-11-14,2012-11-14,2012-11-30,TAIWAN,deletion,ADV WIRELESS SEMICONDUC,,needs_review,0.0,,,/Users/johan/Documents/invest/msci_index_reviews/pdf/smallcap/MSCI_Nov12_SCPublicList.pdf,1
small_cap,2012-11,2012-11-14,2012-11-14,2012-11-30,TAIWAN,deletion,J TOUCH CORP,,needs_review,0.0,,,/Users/johan/Documents/invest/msci_index_reviews/pdf/smallcap/MSCI_Nov12_SCPublicList.pdf,13
small_cap,2012-11,2012-11-14,2012-11-14,2012-11-30,TAIWAN,deletion,SAN CHIH SEMICONDUCTOR,,needs_review,0.0,,,/Users/johan/Documents/invest/msci_index_reviews/pdf/smallcap/MSCI_Nov12_SCPublicList.pdf,22
small_cap,2012-11,2012-11-14,2012-11-14,2012-11-30,TAIWAN,deletion,SKYMEDI,,needs_review,0.0,,,/Users/johan/Documents/invest/msci_index_reviews/pdf/smallcap/MSCI_Nov12_SCPublicList.pdf,24
small_cap,2013-11,2013-11-07,2013-11-07,2013-11-26,TAIWAN,addition,RUENTEX ENGIN & CONST,,needs_review,0.0,,,/Users/johan/Documents/invest/msci_index_reviews/pdf/smallcap/MSCI_Nov13_SCPublicList.pdf,11
small_cap,2013-11,2013-11-07,2013-11-07,2013-11-26,TAIWAN,addition,YEONG GUAN ENERGY GROUP,,needs_review,0.0,,,/Users/johan/Documents/invest/msci_index_reviews/pdf/smallcap/MSCI_Nov13_SCPublicList.pdf,15
small_cap,2013-11,2013-11-07,2013-11-07,2013-11-26,TAIWAN,deletion,ADVANCED INT'L MULTITECH,,needs_review,0.0,,,/Users/johan/Documents/invest/msci_index_reviews/pdf/smallcap/MSCI_Nov13_SCPublicList.pdf,2
small_cap,2013-11,2013-11-07,2013-11-07,2013-11-26,TAIWAN,deletion,ILI TECHNOLOGY CORP,,needs_review,0.0,,,/Users/johan/Documents/invest/msci_index_reviews/pdf/smallcap/MSCI_Nov13_SCPublicList.pdf,5
small_cap,2013-11,2013-11-07,2013-11-07,2013-11-26,TAIWAN,deletion,INTL GAMES SYSTEM C,,needs_review,0.0,,,/Users/johan/Documents/invest/msci_index_reviews/pdf/smallcap/MSCI_Nov13_SCPublicList.pdf,6
small_cap,2013-11,2013-11-07,2013-11-07,2013-11-26,TAIWAN,deletion,ITE TECHNOLOGY,,needs_review,0.0,,,/Users/johan/Documents/invest/msci_index_reviews/pdf/smallcap/MSCI_Nov13_SCPublicList.pdf,7
small_cap,2014-11,2014-11-06,2014-11-06,2014-11-25,TAIWAN,addition,INTL GAMES SYSTEM C,,needs_review,0.0,,,/Users/johan/Documents/invest/msci_index_reviews/pdf/smallcap/MSCI_Nov14_SCPublicList.pdf,3
small_cap,2014-11,2014-11-06,2014-11-06,2014-11-25,TAIWAN,deletion,CHINA CHEM & PHARM CO,,needs_review,0.0,,,/Users/johan/Documents/invest/msci_index_reviews/pdf/smallcap/MSCI_Nov14_SCPublicList.pdf,9
small_cap,2014-11,2014-11-06,2014-11-06,2014-11-25,TAIWAN,deletion,CHINESE GAMER INT'L,,needs_review,0.0,,,/Users/johan/Documents/invest/msci_index_reviews/pdf/smallcap/MSCI_Nov14_SCPublicList.pdf,12
small_cap,2014-11,2014-11-06,2014-11-06,2014-11-25,TAIWAN,deletion,ORISE TECHNOLOGY CO,,needs_review,0.0,,,/Users/johan/Documents/invest/msci_index_reviews/pdf/smallcap/MSCI_Nov14_SCPublicList.pdf,29
small_cap,2014-11,2014-11-06,2014-11-06,2014-11-25,TAIWAN,deletion,TAIWAN PROSPERITY CHEMIC,,needs_review,0.0,,,/Users/johan/Documents/invest/msci_index_reviews/pdf/smallcap/MSCI_Nov14_SCPublicList.pdf,35
small_cap,2014-11,2014-11-06,2014-11-06,2014-11-25,TAIWAN,deletion,TRANSASIA AIRWAYS,,needs_review,0.0,,,/Users/johan/Documents/invest/msci_index_reviews/pdf/smallcap/MSCI_Nov14_SCPublicList.pdf,37
small_cap,2015-11,2015-11-12,2015-11-12,2015-11-30,TAIWAN,addition,ADV WIRELESS SC,,needs_review,0.0,,,/Users/johan/Documents/invest/msci_index_reviews/pdf/smallcap/MSCI_Nov15_SCPublicList.pdf,1
small_cap,2015-11,2015-11-12,2015-11-12,2015-11-30,TAIWAN,addition,LAND MARK OPTOELECTRS,,needs_review,0.0,,,/Users/johan/Documents/invest/msci_index_reviews/pdf/smallcap/MSCI_Nov15_SCPublicList.pdf,9
small_cap,2015-11,2015-11-12,2015-11-12,2015-11-30,TAIWAN,addition,PHARMALLY INTL HLDG,,needs_review,0.0,,,/Users/johan/Documents/invest/msci_index_reviews/pdf/smallcap/MSCI_Nov15_SCPublicList.pdf,12
small_cap,2015-11,2015-11-12,2015-11-12,2015-11-30,TAIWAN,addition,SUNNY FRIEND ENV TECH,,needs_review,0.0,,,/Users/johan/Documents/invest/msci_index_reviews/pdf/smallcap/MSCI_Nov15_SCPublicList.pdf,13
small_cap,2015-11,2015-11-12,2015-11-12,2015-11-30,TAIWAN,deletion,ADV LITHIUM ELECTROCHEM,,needs_review,0.0,,,/Users/johan/Documents/invest/msci_index_reviews/pdf/smallcap/MSCI_Nov15_SCPublicList.pdf,3
small_cap,2015-11,2015-11-12,2015-11-12,2015-11-30,TAIWAN,deletion,EASTERN MEDIA INTL,,needs_review,0.0,,,/Users/johan/Documents/invest/msci_index_reviews/pdf/smallcap/MSCI_Nov15_SCPublicList.pdf,11
small_cap,2015-11,2015-11-12,2015-11-12,2015-11-30,TAIWAN,deletion,INTL GAMES SYSTEM C,,needs_review,0.0,,,/Users/johan/Documents/invest/msci_index_reviews/pdf/smallcap/MSCI_Nov15_SCPublicList.pdf,19
small_cap,2016-11,2016-11-14,2016-11-14,2016-11-30,TAIWAN,deletion,GENIUS ELECTR OPTICAL,,needs_review,0.0,,,/Users/johan/Documents/invest/msci_index_reviews/pdf/smallcap/MSCI_Nov16_SCPublicList.pdf,11
small_cap,2017-11,2017-11-13,2017-11-13,2017-11-30,TAIWAN,addition,FOXSEMICON INTGR TECH,,needs_review,0.0,,,/Users/johan/Documents/invest/msci_index_reviews/pdf/smallcap/MSCI_Nov17_SCPublicList.pdf,3
small_cap,2017-11,2017-11-13,2017-11-13,2017-11-30,TAIWAN,addition,SUNONWEALTH ELEC MACHINE,,needs_review,0.0,,,/Users/johan/Documents/invest/msci_index_reviews/pdf/smallcap/MSCI_Nov17_SCPublicList.pdf,13
small_cap,2017-11,2017-11-13,2017-11-13,2017-11-30,TAIWAN,deletion,AMBASSADOR HOTEL (THE),,needs_review,0.0,,,/Users/johan/Documents/invest/msci_index_reviews/pdf/smallcap/MSCI_Nov17_SCPublicList.pdf,2
small_cap,2017-11,2017-11-13,2017-11-13,2017-11-30,TAIWAN,deletion,HUNG POO REAL ESTATE DEV,,needs_review,0.0,,,/Users/johan/Documents/invest/msci_index_reviews/pdf/smallcap/MSCI_Nov17_SCPublicList.pdf,7
small_cap,2018-11,2018-11-13,2018-11-13,2018-11-30,TAIWAN,deletion,ADV WIRELESS SC,,needs_review,0.0,,,/Users/johan/Documents/invest/msci_index_reviews/pdf/smallcap/MSCI_Nov18_SCPublicList.pdf,2
small_cap,2018-11,2018-11-13,2018-11-13,2018-11-30,TAIWAN,deletion,LITE-ON SEMICONDUCTOR,,needs_review,0.0,,,/Users/johan/Documents/invest/msci_index_reviews/pdf/smallcap/MSCI_Nov18_SCPublicList.pdf,24
small_cap,2018-11,2018-11-13,2018-11-13,2018-11-30,TAIWAN,deletion,YEONG GUAN ENERGY GROUP,,needs_review,0.0,,,/Users/johan/Documents/invest/msci_index_reviews/pdf/smallcap/MSCI_Nov18_SCPublicList.pdf,39
small_cap,2019-11,2019-11-07,2019-11-07,2019-11-26,TAIWAN,addition,ADV WIRELESS SC,,needs_review,0.0,,,/Users/johan/Documents/invest/msci_index_reviews/pdf/smallcap/MSCI_Nov19_SCPublicList.pdf,1
small_cap,2020-11,2020-11-10,2020-11-10,2020-11-30,TAIWAN,addition,CHUNG HSIN ELEC & MACH,,needs_review,0.0,,,/Users/johan/Documents/invest/msci_index_reviews/pdf/smallcap/MSCI_Nov20_SCPublicList.pdf,5
small_cap,2021-11,2021-11-11,2021-11-11,2021-11-30,TAIWAN,deletion,DEPO AUTO PARTS INDL CO,,needs_review,0.0,,,/Users/johan/Documents/invest/msci_index_reviews/pdf/smallcap/MSCI_Nov21_SCPublicList.pdf,8
small_cap,2021-11,2021-11-11,2021-11-11,2021-11-30,TAIWAN,deletion,SUNONWEALTH ELEC MACHINE,,needs_review,0.0,,,/Users/johan/Documents/invest/msci_index_reviews/pdf/smallcap/MSCI_Nov21_SCPublicList.pdf,35
small_cap,2021-11,2021-11-11,2021-11-11,2021-11-30,TAIWAN,deletion,UNIZYX HOLDING,,needs_review,0.0,,,/Users/johan/Documents/invest/msci_index_reviews/pdf/smallcap/MSCI_Nov21_SCPublicList.pdf,42
small_cap,2022-11,2022-11-10,2022-11-10,2022-11-30,TAIWAN,deletion,PC HOME ONLINE,,needs_review,0.0,,,/Users/johan/Documents/invest/msci_index_reviews/pdf/smallcap/MSCI_Nov22_SCPublicList.pdf,6
small_cap,2024-11,2024-11-06,2024-11-06,2024-11-25,TAIWAN,addition,GALLANT PREC MACHINING,,needs_review,0.0,,,/Users/johan/Documents/invest/msci_index_reviews/pdf/smallcap/MSCI_Nov24_SCPublicList.pdf,5
small_cap,2024-11,2024-11-06,2024-11-06,2024-11-25,TAIWAN,deletion,INTL GAMES SYSTEM C,,needs_review,0.0,,,/Users/johan/Documents/invest/msci_index_reviews/pdf/smallcap/MSCI_Nov24_SCPublicList.pdf,10
small_cap,2024-11,2024-11-06,2024-11-06,2024-11-25,TAIWAN,deletion,SUNNY FRIEND ENV TECH,,needs_review,0.0,,,/Users/johan/Documents/invest/msci_index_reviews/pdf/smallcap/MSCI_Nov24_SCPublicList.pdf,16
small_cap,2025-11,2025-11-05,2025-11-05,2025-11-24,TAIWAN,deletion,PRINCE HOUSING DEV,,needs_review,0.0,,,/Users/johan/Documents/invest/msci_index_reviews/pdf/smallcap/MSCI_Nov25_SCPublicList.pdf,17
