country,company_name,stock_code,matched_name,mapping_status,mapping_score,mapping_source,verification_basis,event_rows
TAIWAN,INOTERA MEMORIES (ATM),3474,"Inotera Memories, Inc. / 華亞科技",verified_tw_historical_round7,0.99,Same issuer as INOTERA MEMORIES; ATM line mapped to historical ticker 3474 for MSCI event identity.,manual_override_prior_evidence,1
TAIWAN,CHINA PETROCHEMICAL DEV,1314,China Petrochemical Development Corporation,verified_tw_current_round7,1.0000,Round7 current-code discovery: Yahoo Finance search matched `China Petrochemical Development Corporation`/1314.TW; code exists in TWSE/TPEx/FinLab Taiwan reference universe. Local refs: CPDC | 中國石油化學工業開發(股)公司 | 中石化,yahoo_name_match_plus_official_current_code_universe,4
TAIWAN,CASETEK HOLDINGS,5264,Casetek Holdings Limited,verified_tw_historical_round7,1.0000,Round7 official historical delisted source: TWSE EN suspendListing official delist_date=2021/01/15,official_twse_tpex_delisted_english,3
TAIWAN,SCINOPHARM TAIWAN,1789,"ScinoPharm Taiwan, Ltd.",verified_tw_current_round7,1.0000,"Round7 current-code discovery: Yahoo Finance search matched `ScinoPharm Taiwan, Ltd.`/1789.TW; code exists in TWSE/TPEx/FinLab Taiwan reference universe. Local refs: SPT | 台灣神隆股份有限公司 | 神隆",yahoo_name_match_plus_official_current_code_universe,4
TAIWAN,TAIMED BIOLOGICS,4147,TaiMed Biologics Inc.,verified_tw_current_round7,1.0000,Round7 current-code discovery: Yahoo Finance search matched `TaiMed Biologics Inc.`/4147.TWO; code exists in TWSE/TPEx/FinLab Taiwan reference universe. Local refs: TMB | 中裕 | 中裕新藥股份有限公司,yahoo_name_match_plus_official_current_code_universe,4
TAIWAN,GLOBALWAFERS,6488,"GlobalWafers Co., Ltd.",verified_tw_current_round7,1.0000,"Round7 current-code discovery: Yahoo Finance search matched `GlobalWafers Co., Ltd.`/6488.TWO; code exists in TWSE/TPEx/FinLab Taiwan reference universe. Local refs: GWC | 環球晶 | 環球晶圓股份有限公司",yahoo_name_match_plus_official_current_code_universe,3
TAIWAN,TAIWAN HIGH SPEED RAIL,2633,Taiwan High Speed Rail Corporation,verified_tw_current_round7,1.0000,Round7 current-code discovery: Yahoo Finance search matched `Taiwan High Speed Rail Corporation`/2633.TW; code exists in TWSE/TPEx/FinLab Taiwan reference universe. Local refs: THSRC | 台灣高速鐵路股份有限公司 | 台灣高鐵,yahoo_name_match_plus_official_current_code_universe,3
TAIWAN,YANG MING MARINE TRANSP,2609,Yang Ming Marine Transport Corporation,verified_tw_current_round7,1.0000,Round7 current-code discovery: Yahoo Finance search matched `Yang Ming Marine Transport Corporation`/2609.TW; code exists in TWSE/TPEx/FinLab Taiwan reference universe. Local refs: YMTC | 陽明 | 陽明海運股份有限公司,yahoo_name_match_plus_official_current_code_universe,4
TAIWAN,EVA AIRWAYS CORP,2618,EVA Airways Corp.,verified_tw_current_round7,1.0000,Round7 current-code discovery: Yahoo Finance search matched `EVA Airways Corp.`/2618.TW; code exists in TWSE/TPEx/FinLab Taiwan reference universe. Local refs: EVAAIR | 長榮航 | 長榮航空股份有限公司,yahoo_name_match_plus_official_current_code_universe,4
TAIWAN,POWERCHIP SEMICONDUCTOR,6770,Powerchip Semiconductor Manufacturing Corp.,verified_tw_current_round7,1.0000,Round7 current-code discovery: Yahoo Finance search matched `Powerchip Semiconductor Manufacturing Corp.`/6770.TW; code exists in TWSE/TPEx/FinLab Taiwan reference universe. Local refs: PSMC | 力晶積成電子製造股份有限公司 | 力積電,yahoo_name_match_plus_official_current_code_universe,3
TAIWAN,FOXCONN TECHNOLOGY CO,2354,"Foxconn Technology Co., Ltd.",verified_tw_current_round7,1.0000,"Round7 current-code discovery: Yahoo Finance search matched `Foxconn Technology Co., Ltd.`/2354.TW; code exists in TWSE/TPEx/FinLab Taiwan reference universe. Local refs: FTC | 鴻準 | 鴻準精密工業股份有限公司",yahoo_name_match_plus_official_current_code_universe,2
TAIWAN,ASIA VITAL COMPONENTS,3017,"Asia Vital Components Co., Ltd.",verified_tw_current_round7,1.0000,"Round7 current-code discovery: Yahoo Finance search matched `Asia Vital Components Co., Ltd.`/3017.TW; code exists in TWSE/TPEx/FinLab Taiwan reference universe. Local refs: AVC | 奇鋐 | 奇鋐科技股份有限公司",yahoo_name_match_plus_official_current_code_universe,4
TAIWAN,FORTUNE ELECTRIC CO,1519,"Fortune Electric Co., Ltd.",verified_tw_current_round7,1.0000,"Round7 current-code discovery: Yahoo Finance search matched `Fortune Electric Co., Ltd.`/1519.TW; code exists in TWSE/TPEx/FinLab Taiwan reference universe. Local refs: FE | 華城 | 華城電機股份有限公司",yahoo_name_match_plus_official_current_code_universe,6
TAIWAN,ASIA CEMENT CORP,1102,Asia Cement Corporation,verified_tw_current_round7,1.0000,Round7 current-code discovery: Yahoo Finance search matched `Asia Cement Corporation`/1102.TW; code exists in TWSE/TPEx/FinLab Taiwan reference universe. Local refs: ACC | 亞泥 | 亞洲水泥股份有限公司,yahoo_name_match_plus_official_current_code_universe,2
TAIWAN,FAR EASTERN NEW CENTURY,1402,Far Eastern New Century Corporation,verified_tw_current_round7,1.0000,Round7 current-code discovery: Yahoo Finance search matched `Far Eastern New Century Corporation`/1402.TW; code exists in TWSE/TPEx/FinLab Taiwan reference universe. Local refs: FENC | 遠東新 | 遠東新世紀股份有限公司,yahoo_name_match_plus_official_current_code_universe,2
TAIWAN,TECO ELECTRIC & MACH,1504,"TECO Electric & Machinery Co., Ltd.",verified_tw_current_round7,1.0000,"Round7 current-code discovery: Yahoo Finance search matched `TECO Electric & Machinery Co., Ltd.`/1504.TW; code exists in TWSE/TPEx/FinLab Taiwan reference universe. Local refs: TECO | 東元 | 東元電機股份有限公司",yahoo_name_match_plus_official_current_code_universe,6
TAIWAN,ASIA OPTICAL,3019,"Asia Optical Co., Inc.",verified_tw_current_round7,1.0000,"Round7 current-code discovery: Yahoo Finance search matched `Asia Optical Co., Inc.`/3019.TW; code exists in TWSE/TPEx/FinLab Taiwan reference universe. Local refs: ASIA | 亞光 | 亞洲光學股份有限公司",yahoo_name_match_plus_official_current_code_universe,2
TAIWAN,CATHAY REAL ESTATE DEV,2501,"Cathay Real Estate Development Co., Ltd.",verified_tw_current_round7,1.0000,"Round7 current-code discovery: Yahoo Finance search matched `Cathay Real Estate Development Co., Ltd.`/2501.TW; code exists in TWSE/TPEx/FinLab Taiwan reference universe. Local refs: CATHAY RED | 國建 | 國泰建設股份有限公司",yahoo_name_match_plus_official_current_code_universe,2
TAIWAN,CHINA MOTOR CORP,2204,China Motor Corporation,verified_tw_current_round7,1.0000,Round7 current-code discovery: Yahoo Finance search matched `China Motor Corporation`/2204.TW; code exists in TWSE/TPEx/FinLab Taiwan reference universe. Local refs: CMC | 中華 | 中華汽車工業股份有限公司,yahoo_name_match_plus_official_current_code_universe,6
TAIWAN,PAN-INTERNATIONAL IND,2328,Pan-International Industrial Corp.,verified_tw_current_round7,1.0000,Round7 current-code discovery: Yahoo Finance search matched `Pan-International Industrial Corp.`/2328.TW; code exists in TWSE/TPEx/FinLab Taiwan reference universe. Local refs: PI | 廣宇 | 廣宇科技股份有限公司,yahoo_name_match_plus_official_current_code_universe,2
TAIWAN,CMC MAGNETICS CORP,2323,CMC Magnetics Corporation,verified_tw_current_round7,1.0000,Round7 current-code discovery: Yahoo Finance search matched `CMC Magnetics Corporation`/2323.TW; code exists in TWSE/TPEx/FinLab Taiwan reference universe. Local refs: CMC | 中環 | 中環股份有限公司,yahoo_name_match_plus_official_current_code_universe,3
TAIWAN,POWERCHIP TECHNOLOGY,5346,Powerchip Technology Corporation,verified_tw_historical_round7,1.0000,Round7 official historical delisted source: TPEx EN deListed official delist_date=2012-12-11,official_twse_tpex_delisted_english,3
TAIWAN,HERMES MICROVISION,3658,Hermes Microvision Inc.,verified_tw_historical_round7,1.0000,Round7 official historical delisted source: TPEx EN deListed official delist_date=2016-11-22,official_twse_tpex_delisted_english,1
TAIWAN,MERIDA INDUSTRY CO,9914,"Merida Industry Co., Ltd.",verified_tw_current_round7,1.0000,"Round7 current-code discovery: Yahoo Finance search matched `Merida Industry Co., Ltd.`/9914.TW; code exists in TWSE/TPEx/FinLab Taiwan reference universe. Local refs: MIC | 美利達 | 美利達工業股份有限公司",yahoo_name_match_plus_official_current_code_universe,4
TAIWAN,EVERLIGHT ELECTRONICS CO,2393,"Everlight Electronics Co., Ltd.",verified_tw_current_round7,1.0000,"Round7 current-code discovery: Yahoo Finance search matched `Everlight Electronics Co., Ltd.`/2393.TW; code exists in TWSE/TPEx/FinLab Taiwan reference universe. Local refs: EVERLIGHT | 億光 | 億光電子工業股份有限公司",yahoo_name_match_plus_official_current_code_universe,2
TAIWAN,TAIWAN FERTILIZER CO,1722,"Taiwan Fertilizer Co., Ltd.",verified_tw_current_round7,1.0000,"Round7 current-code discovery: Yahoo Finance search matched `Taiwan Fertilizer Co., Ltd.`/1722.TW; code exists in TWSE/TPEx/FinLab Taiwan reference universe. Local refs: TFC | 台灣肥料股份有限公司 | 台肥",yahoo_name_match_plus_official_current_code_universe,2
TAIWAN,YULON MOTOR CO,2201,Yulon Motor Company Ltd.,verified_tw_current_round7,1.0000,Round7 current-code discovery: Yahoo Finance search matched `Yulon Motor Company Ltd.`/2201.TW; code exists in TWSE/TPEx/FinLab Taiwan reference universe. Local refs: YL | 裕隆 | 裕隆汽車製造股份有限公司,yahoo_name_match_plus_official_current_code_universe,2
TAIWAN,FORMOSA TAFFETA CO,1434,"Formosa Taffeta Co., Ltd.",verified_tw_current_round7,1.0000,"Round7 current-code discovery: Yahoo Finance search matched `Formosa Taffeta Co., Ltd.`/1434.TW; code exists in TWSE/TPEx/FinLab Taiwan reference universe. Local refs: F.T.C | 福懋 | 福懋興業股份有限公司",yahoo_name_match_plus_official_current_code_universe,2
TAIWAN,PHARMAESSENTIA,6446,PharmaEssentia Corp.,verified_tw_historical_round7,1.0000,Round7 official historical delisted source: TPEx EN deListed official delist_date=2024-01-25,official_twse_tpex_delisted_english,2
TAIWAN,BIZLINK HOLDING,3665,BizLink Holding Inc.,verified_tw_current_round7,1.0000,Round7 current-code discovery: Yahoo Finance search matched `BizLink Holding Inc.`/3665.TW; code exists in TWSE/TPEx/FinLab Taiwan reference universe. Local refs: BHI (BizLink) | 貿聯-KY | 貿聯控股(BizLink Holding Inc.),yahoo_name_match_plus_official_current_code_universe,3
TAIWAN,GOLD CIRCUIT ELECTRONICS,2368,Gold Circuit Electronics Ltd.,verified_tw_current_round7,1.0000,Round7 current-code discovery: Yahoo Finance search matched `Gold Circuit Electronics Ltd.`/2368.TW; code exists in TWSE/TPEx/FinLab Taiwan reference universe. Local refs: GCE | 金像電 | 金像電子(股)公司,yahoo_name_match_plus_official_current_code_universe,6
TAIWAN,KING YUAN ELECTRONICS CO,2449,"King Yuan Electronics Co., Ltd.",verified_tw_current_round7,1.0000,"Round7 current-code discovery: Yahoo Finance search matched `King Yuan Electronics Co., Ltd.`/2449.TW; code exists in TWSE/TPEx/FinLab Taiwan reference universe. Local refs: KYEC | 京元電子 | 京元電子股份有限公司",yahoo_name_match_plus_official_current_code_universe,2
TAIWAN,ABILITY OPTO ELECTRONICS,3362,"Ability Opto-Electronics Technology Co.,Ltd.",verified_tw_current_round7,1.0000,"Round7 current-code discovery: Yahoo Finance search matched `Ability Opto-Electronics Technology Co.,Ltd.`/3362.TWO; code exists in TWSE/TPEx/FinLab Taiwan reference universe. Local refs: ABILITY | 先進光 | 先進光電科技股份有限公司",yahoo_name_match_plus_official_current_code_universe,3
TAIWAN,CHANNEL WELL TECH CO,3078,"Channel Well Technology Co.,Ltd.",verified_tw_current_round7,1.0000,"Round7 current-code discovery: Yahoo Finance search matched `Channel Well Technology Co.,Ltd.`/3078.TWO; code exists in TWSE/TPEx/FinLab Taiwan reference universe. Local refs: CWT | 僑威 | 僑威科技股份有限公司",yahoo_name_match_plus_official_current_code_universe,4
TAIWAN,EVERGREEN AVIATION TECH,2645,Evergreen Aviation Technologies Corporation,verified_tw_current_round7,1.0000,Round7 current-code discovery: Yahoo Finance search matched `Evergreen Aviation Technologies Corporation`/2645.TW; code exists in TWSE/TPEx/FinLab Taiwan reference universe. Local refs: EGAT | 長榮航太 | 長榮航太科技股份有限公司,yahoo_name_match_plus_official_current_code_universe,1
TAIWAN,ORIENT SEMICONDUCTOR ELE,2329,"Orient Semiconductor Electronics, Limited",verified_tw_current_round7,1.0000,"Round7 current-code discovery: Yahoo Finance search matched `Orient Semiconductor Electronics, Limited`/2329.TW; code exists in TWSE/TPEx/FinLab Taiwan reference universe. Local refs: OSE | 華泰 | 華泰電子股份有限公司",yahoo_name_match_plus_official_current_code_universe,4
TAIWAN,QUANTA STORAGE,6188,Quanta Storage Inc.,verified_tw_current_round7,1.0000,Round7 current-code discovery: Yahoo Finance search matched `Quanta Storage Inc.`/6188.TWO; code exists in TWSE/TPEx/FinLab Taiwan reference universe. Local refs: QSI | 廣明 | 廣明光電股份有限公司,yahoo_name_match_plus_official_current_code_universe,3
TAIWAN,RDC SEMICONDUCTOR CO,3228,"RDC Semiconductor Co., Ltd.",verified_tw_current_round7,1.0000,"Round7 current-code discovery: Yahoo Finance search matched `RDC Semiconductor Co., Ltd.`/3228.TWO; code exists in TWSE/TPEx/FinLab Taiwan reference universe. Local refs: RDC | 金麗科 | 金麗科技股份有限公司",yahoo_name_match_plus_official_current_code_universe,5
TAIWAN,CHENMING ELECTRONIC TECH,3013,Chenming Electronic Tech. Corp.,verified_tw_current_round7,1.0000,Round7 current-code discovery: Yahoo Finance search matched `Chenming Electronic Tech. Corp.`/3013.TW; code exists in TWSE/TPEx/FinLab Taiwan reference universe. Local refs: UNEEC | 晟銘電 | 晟銘電子科技股份有限公司,yahoo_name_match_plus_official_current_code_universe,1
TAIWAN,ELITE ADVANCED LASER,3450,Elite Advanced Laser Corporation,verified_tw_current_round7,1.0000,Round7 current-code discovery: Yahoo Finance search matched `Elite Advanced Laser Corporation`/3450.TW; code exists in TWSE/TPEx/FinLab Taiwan reference universe. Local refs: ELASER | 聯鈞 | 聯鈞光電股份有限公司,yahoo_name_match_plus_official_current_code_universe,5
TAIWAN,G SHANK ENTERPRISE CO,2476,"G-SHANK Enterprise Co., Ltd.",verified_tw_current_round7,1.0000,"Round7 current-code discovery: Yahoo Finance search matched `G-SHANK Enterprise Co., Ltd.`/2476.TW; code exists in TWSE/TPEx/FinLab Taiwan reference universe. Local refs: GS | 鉅祥 | 鉅祥企業股份有限公司",yahoo_name_match_plus_official_current_code_universe,2
TAIWAN,JESS-LINK PRODUCTS CO,6197,"Jess-link Products Co., Ltd.",verified_tw_current_round7,1.0000,"Round7 current-code discovery: Yahoo Finance search matched `Jess-link Products Co., Ltd.`/6197.TW; code exists in TWSE/TPEx/FinLab Taiwan reference universe. Local refs: JPC | 佳必琪 | 佳必琪國際股份有限公司",yahoo_name_match_plus_official_current_code_universe,1
TAIWAN,PHOENIX SILICON,8028,Phoenix Silicon International Corporation,verified_tw_current_round7,1.0000,Round7 current-code discovery: Yahoo Finance search matched `Phoenix Silicon International Corporation`/8028.TW; code exists in TWSE/TPEx/FinLab Taiwan reference universe. Local refs: PSI | 昇陽半導體 | 昇陽國際半導體股份有限公司,yahoo_name_match_plus_official_current_code_universe,1
TAIWAN,TYC BROTHER INDUSTRIAL,1522,"TYC Brother Industrial Co., Ltd.",verified_tw_current_round7,1.0000,"Round7 current-code discovery: Yahoo Finance search matched `TYC Brother Industrial Co., Ltd.`/1522.TW; code exists in TWSE/TPEx/FinLab Taiwan reference universe. Local refs: TYC | 堤維西 | 堤維西交通工業股份有限公司",yahoo_name_match_plus_official_current_code_universe,5
TAIWAN,UNIVERSAL MICROWAVE TECH,3491,"Universal Microwave Technology, Inc.",verified_tw_current_round7,1.0000,"Round7 current-code discovery: Yahoo Finance search matched `Universal Microwave Technology, Inc.`/3491.TWO; code exists in TWSE/TPEx/FinLab Taiwan reference universe. Local refs: UMT | 昇達科 | 昇達科技股份有限公司",yahoo_name_match_plus_official_current_code_universe,1
TAIWAN,FIRST HI TEC ENTERPRISE,5439,"First Hi-tec Enterprise Co., Ltd.",verified_tw_current_round7,1.0000,"Round7 current-code discovery: Yahoo Finance search matched `First Hi-tec Enterprise Co., Ltd.`/5439.TWO; code exists in TWSE/TPEx/FinLab Taiwan reference universe. Local refs: FHt | 高技 | 高技企業股份有限公司",yahoo_name_match_plus_official_current_code_universe,1
TAIWAN,FULLTECH FIBER GLASS,1815,Fulltech Fiber Glass Corp.,verified_tw_current_round7,1.0000,Round7 current-code discovery: Yahoo Finance search matched `Fulltech Fiber Glass Corp.`/1815.TWO; code exists in TWSE/TPEx/FinLab Taiwan reference universe. Local refs: FFG | 富喬 | 富喬工業股份有限公司,yahoo_name_match_plus_official_current_code_universe,4
TAIWAN,SPORTS GEAR,6768,"Sports Gear Co., Ltd.",verified_tw_current_round7,1.0000,"Round7 current-code discovery: Yahoo Finance search matched `Sports Gear Co., Ltd.`/6768.TW; code exists in TWSE/TPEx/FinLab Taiwan reference universe. Local refs: SPG-KY | 志強-KY | 志強國際企業股份有限公司",yahoo_name_match_plus_official_current_code_universe,1
TAIWAN,TIGERAIR TAIWAN,6757,"Tigerair Taiwan Co., Ltd.",verified_tw_current_round7,1.0000,"Round7 current-code discovery: Yahoo Finance search matched `Tigerair Taiwan Co., Ltd.`/6757.TW; code exists in TWSE/TPEx/FinLab Taiwan reference universe. Local refs: TTW | 台灣虎航 | 台灣虎航股份有限公司",yahoo_name_match_plus_official_current_code_universe,1
TAIWAN,ALEXANDER MARINE,8478,"Alexander Marine Co., Ltd.",verified_tw_current_round7,1.0000,"Round7 current-code discovery: Yahoo Finance search matched `Alexander Marine Co., Ltd.`/8478.TW; code exists in TWSE/TPEx/FinLab Taiwan reference universe. Local refs: Ocean Alexander | 東哥企業股份有限公司 | 東哥遊艇",yahoo_name_match_plus_official_current_code_universe,1
TAIWAN,CHIA HSIN CEMENT,1103,Chia Hsin Cement Corporation,verified_tw_current_round7,1.0000,Round7 current-code discovery: Yahoo Finance search matched `Chia Hsin Cement Corporation`/1103.TW; code exists in TWSE/TPEx/FinLab Taiwan reference universe. Local refs: CHC | 嘉新水泥股份有限公司 | 嘉泥,yahoo_name_match_plus_official_current_code_universe,3
TAIWAN,CHINA MAN-MADE FIBER,1718,China Man-Made Fiber Corporation,verified_tw_current_round7,1.0000,Round7 current-code discovery: Yahoo Finance search matched `China Man-Made Fiber Corporation`/1718.TW; code exists in TWSE/TPEx/FinLab Taiwan reference universe. Local refs: CMFC | 中國人造纖維股份有限公司 | 中纖,yahoo_name_match_plus_official_current_code_universe,1
TAIWAN,CHINA METAL PRODUCTS CO,1532,"China Metal Products Co., Ltd.",verified_tw_current_round7,1.0000,"Round7 current-code discovery: Yahoo Finance search matched `China Metal Products Co., Ltd.`/1532.TW; code exists in TWSE/TPEx/FinLab Taiwan reference universe. Local refs: CMP | 勤美 | 勤美股份有限公司",yahoo_name_match_plus_official_current_code_universe,1
TAIWAN,CO TECH DEVELOPMENT,8358,Co-Tech Development Corporation,verified_tw_current_round7,1.0000,Round7 current-code discovery: Yahoo Finance search matched `Co-Tech Development Corporation`/8358.TWO; code exists in TWSE/TPEx/FinLab Taiwan reference universe. Local refs: CO-TECH | 金居 | 金居開發股份有限公司,yahoo_name_match_plus_official_current_code_universe,4
TAIWAN,CUB ELECPARTS,2231,CUB ELECPARTS INC.,verified_tw_historical_round7,1.0000,Round7 official historical delisted source: TPEx EN deListed official delist_date=2010-11-19,official_twse_tpex_delisted_english,4
TAIWAN,EGIS TECHNOLOGY,6462,Egis Technology Inc.,verified_tw_current_round7,1.0000,Round7 current-code discovery: Yahoo Finance search matched `Egis Technology Inc.`/6462.TWO; code exists in TWSE/TPEx/FinLab Taiwan reference universe. Local refs: EGIS | 神盾 | 神盾股份有限公司,yahoo_name_match_plus_official_current_code_universe,6
TAIWAN,FIRST COPPER TECHNOLOGY,2009,"First Copper Technology Co., Ltd.",verified_tw_current_round7,1.0000,"Round7 current-code discovery: Yahoo Finance search matched `First Copper Technology Co., Ltd.`/2009.TW; code exists in TWSE/TPEx/FinLab Taiwan reference universe. Local refs: FCC | 第一伸銅科技股份有限公司 | 第一銅",yahoo_name_match_plus_official_current_code_universe,4
TAIWAN,FORMOSA ADVANCED TECH,8131,"Formosa Advanced Technologies Co., Ltd.",verified_tw_current_round7,1.0000,"Round7 current-code discovery: Yahoo Finance search matched `Formosa Advanced Technologies Co., Ltd.`/8131.TW; code exists in TWSE/TPEx/FinLab Taiwan reference universe. Local refs: FATC | 福懋科 | 福懋科技股份有限公司",yahoo_name_match_plus_official_current_code_universe,2
TAIWAN,GRAND PACIFIC PETROCHEM,1312,Grand Pacific Petrochemical Corporation,verified_tw_current_round7,1.0000,Round7 current-code discovery: Yahoo Finance search matched `Grand Pacific Petrochemical Corporation`/1312.TW; code exists in TWSE/TPEx/FinLab Taiwan reference universe. Local refs: GPPC | 國喬 | 國喬石油化學股份有限公司,yahoo_name_match_plus_official_current_code_universe,1
TAIWAN,KUO TOONG INTERNATIONAL,8936,"Kuo Toong International Co., Ltd.",verified_tw_current_round7,1.0000,"Round7 current-code discovery: Yahoo Finance search matched `Kuo Toong International Co., Ltd.`/8936.TWO; code exists in TWSE/TPEx/FinLab Taiwan reference universe. Local refs: KTI | 國統 | 國統國際股份有限公司",yahoo_name_match_plus_official_current_code_universe,3
TAIWAN,TAIWAN MASK CORPORATION,2338,Taiwan Mask Corporation,verified_tw_current_round7,1.0000,Round7 current-code discovery: Yahoo Finance search matched `Taiwan Mask Corporation`/2338.TW; code exists in TWSE/TPEx/FinLab Taiwan reference universe. Local refs: TMC | 光罩 | 台灣光罩股份有限公司,yahoo_name_match_plus_official_current_code_universe,3
TAIWAN,TAIWAN SEMICONDUCTOR CO,5425,"Taiwan Semiconductor Co., Ltd.",verified_tw_current_round7,1.0000,"Round7 current-code discovery: Yahoo Finance search matched `Taiwan Semiconductor Co., Ltd.`/5425.TWO; code exists in TWSE/TPEx/FinLab Taiwan reference universe. Local refs: TSC | 台半 | 台灣半導體股份有限公司",yahoo_name_match_plus_official_current_code_universe,2
TAIWAN,UPC TECHNOLOGY CORP,1313,UPC Technology Corporation,verified_tw_current_round7,1.0000,Round7 current-code discovery: Yahoo Finance search matched `UPC Technology Corporation`/1313.TW; code exists in TWSE/TPEx/FinLab Taiwan reference universe. Local refs: UPC | 聯成 | 聯成化學科技股份有限公司,yahoo_name_match_plus_official_current_code_universe,1
TAIWAN,DONG FANG OFFSHORE,7786,"Dong Fang Offshore Co., Ltd.",verified_tw_current_round7,1.0000,"Round7 current-code discovery: Yahoo Finance search matched `Dong Fang Offshore Co., Ltd.`/7786.TW; code exists in TWSE/TPEx/FinLab Taiwan reference universe. Local refs: DFO | 東方風能 | 東方風能科技股份有限公司",yahoo_name_match_plus_official_current_code_universe,1
TAIWAN,HERON NEUTRON MEDICAL,7799,Heron Neutron Medical Corp.,verified_tw_current_round7,1.0000,Round7 current-code discovery: Yahoo Finance search matched `Heron Neutron Medical Corp.`/7799.TW; code exists in TWSE/TPEx/FinLab Taiwan reference universe. Local refs: HNMC | 禾榮科 | 禾榮科技股份有限公司,yahoo_name_match_plus_official_current_code_universe,1
TAIWAN,NICHIDENBO,3090,NICHIDENBO CORPORATION,verified_tw_historical_round7,1.0000,Round7 official historical delisted source: TPEx EN deListed official delist_date=2007-12-31,official_twse_tpex_delisted_english,1
TAIWAN,ADVANCED CERAMIC X CORP,3152,Advanced Ceramic X Corporation,verified_tw_current_round7,1.0000,Round7 current-code discovery: Yahoo Finance search matched `Advanced Ceramic X Corporation`/3152.TWO; code exists in TWSE/TPEx/FinLab Taiwan reference universe. Local refs: ACX | 璟德 | 璟德電子工業股份有限公司,yahoo_name_match_plus_official_current_code_universe,2
TAIWAN,APEX BIOTECHNOLOGY CORP,1733,Apex Biotechnology Corp.,verified_tw_current_round7,1.0000,Round7 current-code discovery: Yahoo Finance search matched `Apex Biotechnology Corp.`/1733.TW; code exists in TWSE/TPEx/FinLab Taiwan reference universe. Local refs: ApexBio | 五鼎 | 五鼎生物技術股份有限公司,yahoo_name_match_plus_official_current_code_universe,2
TAIWAN,DELSOLAR CO,3599,DelSolar,verified_tw_historical_round7,1.0000,Round7 official historical delisted source: TWSE EN suspendListing official delist_date=2013/05/31,official_twse_tpex_delisted_english,2
TAIWAN,DYNAMIC ELECTRONICS CO,6251,DYNAMIC,verified_tw_historical_round7,1.0000,Round7 official historical delisted source: TWSE EN suspendListing official delist_date=2022/08/25,official_twse_tpex_delisted_english,2
TAIWAN,GREAT CHINA METAL IND,9905,"Great China Metal Ind. Co., Ltd.",verified_tw_current_round7,1.0000,"Round7 current-code discovery: Yahoo Finance search matched `Great China Metal Ind. Co., Ltd.`/9905.TW; code exists in TWSE/TPEx/FinLab Taiwan reference universe. Local refs: GCM | 大華 | 大華金屬工業股份有限公司",yahoo_name_match_plus_official_current_code_universe,2
TAIWAN,HUGA OPTOTECH,8199,HUGA,verified_tw_historical_round7,0.6667,Round7 official historical delisted source: TWSE EN suspendListing official delist_date=2012/12/28,official_twse_tpex_delisted_english,1
TAIWAN,JANFUSUN FANCYWORLD CORP,5701,Janfusun Fancyworld Corp.,verified_tw_current_round7,1.0000,Round7 current-code discovery: Yahoo Finance search matched `Janfusun Fancyworld Corp.`/5701.TWO; code exists in TWSE/TPEx/FinLab Taiwan reference universe. Local refs: JFS | 劍湖山 | 劍湖山世界股份有限公司,yahoo_name_match_plus_official_current_code_universe,2
TAIWAN,MACROBLOCK,3527,"Macroblock, Inc.",verified_tw_current_round7,1.0000,"Round7 current-code discovery: Yahoo Finance search matched `Macroblock, Inc.`/3527.TWO; code exists in TWSE/TPEx/FinLab Taiwan reference universe. Local refs: MBI | 聚積 | 聚積科技股份有限公司",yahoo_name_match_plus_official_current_code_universe,2
TAIWAN,MICROLIFE CORP,4103,MICROLIFE CORPORATION,verified_tw_historical_round7,1.0000,Round7 official historical delisted source: TPEx EN deListed official delist_date=2018-11-13,official_twse_tpex_delisted_english,1
TAIWAN,SUNONWEALTH ELECTRIC MAC,2421,"Sunonwealth Electric Machine Industry Co., Ltd.",verified_tw_current_round7,1.0000,"Round7 current-code discovery: Yahoo Finance search matched `Sunonwealth Electric Machine Industry Co., Ltd.`/2421.TW; code exists in TWSE/TPEx/FinLab Taiwan reference universe. Local refs: SUNON | 建準 | 建準電機工業股份有限公司",yahoo_name_match_plus_official_current_code_universe,2
TAIWAN,TAIWAN ACCEPTANCE CORP,9941,Taiwan Acceptance Corporation,verified_tw_current_round7,1.0000,Round7 current-code discovery: Yahoo Finance search matched `Taiwan Acceptance Corporation`/9941.TW; code exists in TWSE/TPEx/FinLab Taiwan reference universe. Local refs: TAC | 裕融 | 裕融企業股份有限公司,yahoo_name_match_plus_official_current_code_universe,1
TAIWAN,TTY BIOPHARM CO,4105,TTY Biopharm Company Limited,verified_tw_current_round7,1.0000,Round7 current-code discovery: Yahoo Finance search matched `TTY Biopharm Company Limited`/4105.TWO; code exists in TWSE/TPEx/FinLab Taiwan reference universe. Local refs: TTY | 台灣東洋藥品工業股份有限公司 | 東洋,yahoo_name_match_plus_official_current_code_universe,1
TAIWAN,YIEH UNITED STEEL CORP,9957,Yieh United Steel Corp.,verified_tw_current_round7,1.0000,Round7 current-code discovery: Yahoo Finance search matched `Yieh United Steel Corp.`/9957.TWO; code exists in TWSE/TPEx/FinLab Taiwan reference universe. Local refs: YUSCO | 燁聯 | 燁聯鋼鐵股份有限公司,yahoo_name_match_plus_official_current_code_universe,2
TAIWAN,CHINESE MARITIME TRANSP,2612,Chinese Maritime Transport Ltd.,verified_tw_current_round7,1.0000,Round7 current-code discovery: Yahoo Finance search matched `Chinese Maritime Transport Ltd.`/2612.TW; code exists in TWSE/TPEx/FinLab Taiwan reference universe. Local refs: CMT | 中國航運股份有限公司 | 中航,yahoo_name_match_plus_official_current_code_universe,3
TAIWAN,ACES ELECTRONIC CO,3605,"ACES Electronics Co., Ltd.",verified_tw_current_round7,1.0000,"Round7 current-code discovery: Yahoo Finance search matched `ACES Electronics Co., Ltd.`/3605.TW; code exists in TWSE/TPEx/FinLab Taiwan reference universe. Local refs: ACES | 宏致 | 宏致電子股份有限公司",yahoo_name_match_plus_official_current_code_universe,2
TAIWAN,ACME ELECTRONICS CORP,8121,Acme Electronics Corporation,verified_tw_current_round7,1.0000,Round7 current-code discovery: Yahoo Finance search matched `Acme Electronics Corporation`/8121.TWO; code exists in TWSE/TPEx/FinLab Taiwan reference universe. Local refs: ACME | 越峰 | 越峰電子材料股份有限公司,yahoo_name_match_plus_official_current_code_universe,2
TAIWAN,CHANGS ASCENDING ENTERPR,8038,"Changs Ascending Enterprise Co., Ltd.",verified_tw_current_round7,1.0000,"Round7 current-code discovery: Yahoo Finance search matched `Changs Ascending Enterprise Co., Ltd.`/8038.TWO; code exists in TWSE/TPEx/FinLab Taiwan reference universe. Local refs: CAEC | 長園科 | 長園科技實業股份有限公司",yahoo_name_match_plus_official_current_code_universe,2
TAIWAN,G TECH OPTOELECTRONICS C,3149,G-TECH Optoelectronics Corporation,verified_tw_current_round7,1.0000,Round7 current-code discovery: Yahoo Finance search matched `G-TECH Optoelectronics Corporation`/3149.TW; code exists in TWSE/TPEx/FinLab Taiwan reference universe. Local refs: G-TECH | 正達 | 正達國際光電股份有限公司,yahoo_name_match_plus_official_current_code_universe,2
TAIWAN,GIGASTORAGE CORP,2406,Gigastorage Corporation,verified_tw_current_round7,1.0000,Round7 current-code discovery: Yahoo Finance search matched `Gigastorage Corporation`/2406.TW; code exists in TWSE/TPEx/FinLab Taiwan reference universe. Local refs: GSC | 國碩 | 國碩科技工業股份有限公司,yahoo_name_match_plus_official_current_code_universe,2
TAIWAN,GRAPE KING,1707,Grape King Bio Ltd,verified_tw_current_round7,1.0000,Round7 current-code discovery: Yahoo Finance search matched `Grape King Bio Ltd`/1707.TW; code exists in TWSE/TPEx/FinLab Taiwan reference universe. Local refs: GKB | 葡萄王 | 葡萄王生技股份有限公司,yahoo_name_match_plus_official_current_code_universe,1
TAIWAN,HITI DIGITAL,3494,"HiTi Digital, Inc.",verified_tw_current_round7,1.0000,"Round7 current-code discovery: Yahoo Finance search matched `HiTi Digital, Inc.`/3494.TW; code exists in TWSE/TPEx/FinLab Taiwan reference universe. Local refs: HiTi | 誠研 | 誠研科技股份有限公司",yahoo_name_match_plus_official_current_code_universe,2
TAIWAN,ADIMMUNE,4142,Adimmune Corporation,verified_tw_current_round7,1.0000,Round7 current-code discovery: Yahoo Finance search matched `Adimmune Corporation`/4142.TW; code exists in TWSE/TPEx/FinLab Taiwan reference universe. Local refs: ADIM | 國光生 | 國光生物科技股份有限公司,yahoo_name_match_plus_official_current_code_universe,4
TAIWAN,CRYSTALWISE TECHNOLOGY,4944,CRYSTALWISE TECHNOLOGY INC.,verified_tw_historical_round7,1.0000,Round7 official historical delisted source: TPEx EN deListed official delist_date=2023-11-01,official_twse_tpex_delisted_english,2
TAIWAN,LITE-ON IT,8008,LITE-ON IT,verified_tw_historical_round7,1.0000,Round7 official historical delisted source: TWSE EN suspendListing official delist_date=2013/07/12,official_twse_tpex_delisted_english,2
TAIWAN,C-MEDIA ELECTRONICS,6237,C-Media Electronics Inc.,verified_tw_current_round7,1.0000,Round7 current-code discovery: Yahoo Finance search matched `C-Media Electronics Inc.`/6237.TWO; code exists in TWSE/TPEx/FinLab Taiwan reference universe. Local refs: CMEI | 驊訊 | 驊訊電子企業股份有限公司,yahoo_name_match_plus_official_current_code_universe,1
TAIWAN,TAIWAN IC PACKAGING,3372,Taiwan IC Packaging Corporation,verified_tw_current_round7,1.0000,Round7 current-code discovery: Yahoo Finance search matched `Taiwan IC Packaging Corporation`/3372.TWO; code exists in TWSE/TPEx/FinLab Taiwan reference universe. Local refs: TICP | 典範 | 台灣典範半導體股份有限公司,yahoo_name_match_plus_official_current_code_universe,1
TAIWAN,ZENTEL ELECTRONIC CORP,3553,Zentel Electronics Corporation,verified_tw_historical_round7,1.0000,Round7 official historical delisted source: TPEx EN deListed official delist_date=2017-10-01,official_twse_tpex_delisted_english,1
TAIWAN,TTET UNION CORPORATION,1232,TTET Union Corporation,verified_tw_current_round7,1.0000,Round7 current-code discovery: Yahoo Finance search matched `TTET Union Corporation`/1232.TW; code exists in TWSE/TPEx/FinLab Taiwan reference universe. Local refs: TTET | 大統益 | 大統益股份有限公司,yahoo_name_match_plus_official_current_code_universe,1
TAIWAN,VIVOTEK INC,3454,VIVOTEK INC.,verified_tw_historical_round7,1.0000,Round7 official historical delisted source: TPEx EN deListed official delist_date=2011-07-22,official_twse_tpex_delisted_english,2
TAIWAN,POWERCOM CO,3043,"Powercom Co., Ltd",verified_tw_current_round7,1.0000,"Round7 current-code discovery: Yahoo Finance search matched `Powercom Co., Ltd`/3043.TW; code exists in TWSE/TPEx/FinLab Taiwan reference universe. Local refs: PCM | 科風 | 科風股份有限公司",yahoo_name_match_plus_official_current_code_universe,1
TAIWAN,SUPER DRAGON TECH CO,911606,Super Group,verified_tw_historical_round7,1.0000,Round7 official historical delisted source: TWSE EN suspendListing official delist_date=2012/11/06,official_twse_tpex_delisted_english,1
TAIWAN,TA CHONG SECURITIES CO,6022,"Ta Chong Securities Co., Ltd.",verified_tw_historical_round7,1.0000,Round7 official historical delisted source: TPEx EN deListed official delist_date=2017-08-28,official_twse_tpex_delisted_english,2
TAIWAN,CHC HEALTHCARE GROUP,4164,CHC Healthcare Group,verified_tw_current_round7,1.0000,Round7 current-code discovery: Yahoo Finance search matched `CHC Healthcare Group`/4164.TW; code exists in TWSE/TPEx/FinLab Taiwan reference universe. Local refs: CHC | 承業生醫投資控股股份有限公司 | 承業醫,yahoo_name_match_plus_official_current_code_universe,2
TAIWAN,CHINA ECOTEK CORPORATION,1535,China Ecotek Corporation,verified_tw_current_round7,1.0000,Round7 current-code discovery: Yahoo Finance search matched `China Ecotek Corporation`/1535.TW; code exists in TWSE/TPEx/FinLab Taiwan reference universe. Local refs: CEC | 中宇 | 中宇環保工程股份有限公司,yahoo_name_match_plus_official_current_code_universe,2
TAIWAN,PHARMAENGINE INC,4162,"PharmaEngine, Inc.",verified_tw_current_round7,1.0000,"Round7 current-code discovery: Yahoo Finance search matched `PharmaEngine, Inc.`/4162.TWO; code exists in TWSE/TPEx/FinLab Taiwan reference universe. Local refs: PEI | 智擎 | 智擎生技製藥股份有限公司",yahoo_name_match_plus_official_current_code_universe,4
TAIWAN,TAIWAN LIPOSOME,4152,"Taiwan Liposome Company, Ltd.",verified_tw_historical_round7,1.0000,Round7 official historical delisted source: TPEx EN deListed official delist_date=2021-10-08,official_twse_tpex_delisted_english,2
TAIWAN,BENQ MATERIALS CORP,8215,BenQ Materials Corporation,verified_tw_current_round7,1.0000,Round7 current-code discovery: Yahoo Finance search matched `BenQ Materials Corporation`/8215.TW; code exists in TWSE/TPEx/FinLab Taiwan reference universe. Local refs: BMC | 明基材 | 明基材料股份有限公司,yahoo_name_match_plus_official_current_code_universe,3
TAIWAN,ENG ELECTRIC CO,8287,"ENG ELECTRIC CO., LTD.",verified_tw_historical_round7,1.0000,Round7 official historical delisted source: TPEx EN deListed official delist_date=2020-05-11,official_twse_tpex_delisted_english,2
TAIWAN,GLOBE UNION INDUSTRIAL,9934,Globe Union Industrial Corp.,verified_tw_current_round7,1.0000,Round7 current-code discovery: Yahoo Finance search matched `Globe Union Industrial Corp.`/9934.TW; code exists in TWSE/TPEx/FinLab Taiwan reference universe. Local refs: GUIC | 成霖 | 成霖企業股份有限公司,yahoo_name_match_plus_official_current_code_universe,1
TAIWAN,WEI MON INDUSTRY CO,8925,"WEI MON INDUSTRY CO.,LTD.",verified_tw_historical_round7,1.0000,Round7 official historical delisted source: TPEx EN deListed official delist_date=2016-06-27,official_twse_tpex_delisted_english,1
TAIWAN,WUS PRINTED CIRCUIT CO,2316,"WUS Printed Circuit Co., Ltd.",verified_tw_current_round7,1.0000,"Round7 current-code discovery: Yahoo Finance search matched `WUS Printed Circuit Co., Ltd.`/2316.TW; code exists in TWSE/TPEx/FinLab Taiwan reference universe. Local refs: WUS | 楠梓電 | 楠梓電子股份有限公司",yahoo_name_match_plus_official_current_code_universe,3
TAIWAN,CAPELLA MICROSYS TAIWAN,3582,"Capella Microsystems (Taiwan), Inc.",verified_tw_historical_round7,1.0000,Round7 official historical delisted source: TPEx EN deListed official delist_date=2014-12-31,official_twse_tpex_delisted_english,2
TAIWAN,CHINA ELECTRIC MFG,1611,China Electric Mfg. Corporation,verified_tw_current_round7,1.0000,Round7 current-code discovery: Yahoo Finance search matched `China Electric Mfg. Corporation`/1611.TW; code exists in TWSE/TPEx/FinLab Taiwan reference universe. Local refs: CE | 中國電器股份有限公司 | 中電,yahoo_name_match_plus_official_current_code_universe,1
TAIWAN,CONCORD SECURITIES CORP,6016,"Concord Securities Co., Ltd.",verified_tw_current_round7,1.0000,"Round7 current-code discovery: Yahoo Finance search matched `Concord Securities Co., Ltd.`/6016.TWO; code exists in TWSE/TPEx/FinLab Taiwan reference universe. Local refs: concords | 康和綜合證券股份有限公司 | 康和證",yahoo_name_match_plus_official_current_code_universe,1
TAIWAN,GLOBAL BRANDS MANUFACT.,6191,Global Brands Manufacture Ltd.,verified_tw_current_round7,1.0000,Round7 current-code discovery: Yahoo Finance search matched `Global Brands Manufacture Ltd.`/6191.TW; code exists in TWSE/TPEx/FinLab Taiwan reference universe. Local refs: GBM | 精成科 | 精成科技股份有限公司,yahoo_name_match_plus_official_current_code_universe,2
TAIWAN,GINKO INTERNATIONAL,8406,"Ginko International Co., Ltd.",verified_tw_historical_round7,1.0000,Round7 official historical delisted source: TPEx EN deListed official delist_date=2022-04-29,official_twse_tpex_delisted_english,2
TAIWAN,GREEN SEAL HOLDING,1262,Green Seal Holding Limited,verified_tw_historical_round7,1.0000,Round7 official historical delisted source: TWSE EN suspendListing official delist_date=2019/10/14,official_twse_tpex_delisted_english,2
TAIWAN,SOUTHEAST CEMENT CO,1110,"Southeast Cement Co., Ltd.",verified_tw_current_round7,1.0000,"Round7 current-code discovery: Yahoo Finance search matched `Southeast Cement Co., Ltd.`/1110.TW; code exists in TWSE/TPEx/FinLab Taiwan reference universe. Local refs: SE CEMENT | 東南水泥股份有限公司 | 東泥",yahoo_name_match_plus_official_current_code_universe,1
TAIWAN,CHAUN-CHOUNG TECH CORP,6230,CHAUN-CHOUNG TECHNOLOGY CORP.,verified_tw_historical_round7,1.0000,Round7 official historical delisted source: TPEx EN deListed official delist_date=2010-09-16,official_twse_tpex_delisted_english,3
TAIWAN,KINGPAK TECHNOLOGY,6238,Kingpak Technology Inc.,verified_tw_historical_round7,1.0000,Round7 official historical delisted source: TPEx EN deListed official delist_date=2020-06-19,official_twse_tpex_delisted_english,2
TAIWAN,ABILITY ENTERPRISE CO,2374,"Ability Enterprise Co., Ltd.",verified_tw_current_round7,1.0000,"Round7 current-code discovery: Yahoo Finance search matched `Ability Enterprise Co., Ltd.`/2374.TW; code exists in TWSE/TPEx/FinLab Taiwan reference universe. Local refs: ABILITY | 佳能 | 佳能企業股份有限公司",yahoo_name_match_plus_official_current_code_universe,2
TAIWAN,NATIONAL PETROLEUM CO,9937,"National Petroleum Co., Ltd.",verified_tw_current_round7,1.0000,"Round7 current-code discovery: Yahoo Finance search matched `National Petroleum Co., Ltd.`/9937.TW; code exists in TWSE/TPEx/FinLab Taiwan reference universe. Local refs: NPC | 全國 | 全國加油站股份有限公司",yahoo_name_match_plus_official_current_code_universe,1
TAIWAN,TAIWAN UNION TECHNOLOGY,6274,Taiwan Union Technology Corporation,verified_tw_current_round7,1.0000,Round7 current-code discovery: Yahoo Finance search matched `Taiwan Union Technology Corporation`/6274.TWO; code exists in TWSE/TPEx/FinLab Taiwan reference universe. Local refs: tuc | 台燿 | 台燿科技股份有限公司,yahoo_name_match_plus_official_current_code_universe,1
TAIWAN,BOARDTEK ELECTRONICS CO,5349,BOARDTEK ELECTRONICS COR.,verified_tw_historical_round7,1.0000,Round7 official historical delisted source: TPEx EN deListed official delist_date=2020-11-04,official_twse_tpex_delisted_english,2
TAIWAN,HSIN KUANG STEEL CO,2031,Hsin Kuang Steel Company Limited,verified_tw_current_round7,1.0000,Round7 current-code discovery: Yahoo Finance search matched `Hsin Kuang Steel Company Limited`/2031.TW; code exists in TWSE/TPEx/FinLab Taiwan reference universe. Local refs: Hkssteel | 新光鋼 | 新光鋼鐵股份有限公司,yahoo_name_match_plus_official_current_code_universe,2
TAIWAN,ACTRON TECHNOLOGY,8255,Actron Technology Corporation,verified_tw_current_round7,1.0000,Round7 current-code discovery: Yahoo Finance search matched `Actron Technology Corporation`/8255.TWO; code exists in TWSE/TPEx/FinLab Taiwan reference universe. Local refs: ATC | 朋程 | 朋程科技股份有限公司,yahoo_name_match_plus_official_current_code_universe,3
TAIWAN,IRON FORCE INDUSTRIAL,2228,"Iron Force Industrial Co., Ltd.",verified_tw_current_round7,1.0000,"Round7 current-code discovery: Yahoo Finance search matched `Iron Force Industrial Co., Ltd.`/2228.TW; code exists in TWSE/TPEx/FinLab Taiwan reference universe. Local refs: IRF | 劍麟 | 劍麟股份有限公司",yahoo_name_match_plus_official_current_code_universe,2
TAIWAN,JOHNSON HEALTH TECH CO,1736,"Johnson Health Tech .Co., Ltd.",verified_tw_current_round7,1.0000,"Round7 current-code discovery: Yahoo Finance search matched `Johnson Health Tech .Co., Ltd.`/1736.TW; code exists in TWSE/TPEx/FinLab Taiwan reference universe. Local refs: JHT | 喬山 | 喬山健康科技股份有限公司",yahoo_name_match_plus_official_current_code_universe,2
TAIWAN,LI PENG ENTERPRISE CO,1447,"Li Peng Enterprise Co., Ltd.",verified_tw_current_round7,1.0000,"Round7 current-code discovery: Yahoo Finance search matched `Li Peng Enterprise Co., Ltd.`/1447.TW; code exists in TWSE/TPEx/FinLab Taiwan reference universe. Local refs: LP | 力鵬 | 力鵬企業股份有限公司",yahoo_name_match_plus_official_current_code_universe,1
TAIWAN,TAIWAN SURFACE MOUNTING,6278,Taiwan Surface Mounting Technology Corp.,verified_tw_historical_round7,1.0000,Round7 official historical delisted source: TPEx EN deListed official delist_date=2010-08-24,official_twse_tpex_delisted_english,2
TAIWAN,TOUNG LOONG TEXTILE,4401,"Toung Loong Textile Mfg.Co.,Ltd.",verified_tw_current_round7,1.0000,"Round7 current-code discovery: Yahoo Finance search matched `Toung Loong Textile Mfg.Co.,Ltd.`/4401.TWO; code exists in TWSE/TPEx/FinLab Taiwan reference universe. Local refs: TLTM | 東隆興 | 東隆興業股份有限公司",yahoo_name_match_plus_official_current_code_universe,2
TAIWAN,FUSHENG PRECISION,6670,"FuSheng Precision Co., Ltd.",verified_tw_current_round7,1.0000,"Round7 current-code discovery: Yahoo Finance search matched `FuSheng Precision Co., Ltd.`/6670.TW; code exists in TWSE/TPEx/FinLab Taiwan reference universe. Local refs: FSP | 復盛應用 | 復盛應用科技股份有限公司",yahoo_name_match_plus_official_current_code_universe,1
TAIWAN,UNION BANK OF TAIWAN,2838,Union Bank of Taiwan,verified_tw_current_round7,1.0000,Round7 current-code discovery: Yahoo Finance search matched `Union Bank of Taiwan`/2838.TW; code exists in TWSE/TPEx/FinLab Taiwan reference universe. Local refs: UBOT | 聯邦商業銀行股份有限公司 | 聯邦銀,yahoo_name_match_plus_official_current_code_universe,2
TAIWAN,LEXTAR ELECTRONICS CORP,3698,Lextar,verified_tw_historical_round7,1.0000,Round7 official historical delisted source: TWSE EN suspendListing official delist_date=2021/01/06,official_twse_tpex_delisted_english,2
TAIWAN,GLOBAL LIGHTING TECH,4935,Global Lighting Technologies Inc.,verified_tw_current_round7,1.0000,Round7 current-code discovery: Yahoo Finance search matched `Global Lighting Technologies Inc.`/4935.TW; code exists in TWSE/TPEx/FinLab Taiwan reference universe. Local refs: GLT | 茂林-KY | 茂林光電科技(開曼)股份有限公司,yahoo_name_match_plus_official_current_code_universe,4
TAIWAN,QST INTERNATIONAL CORP,8349,QST International Corp.,verified_tw_current_round7,1.0000,Round7 current-code discovery: Yahoo Finance search matched `QST International Corp.`/8349.TWO; code exists in TWSE/TPEx/FinLab Taiwan reference universe. Local refs: QST | 恒耀國際 | 恒耀國際股份有限公司,yahoo_name_match_plus_official_current_code_universe,2
TAIWAN,ASIA POLYMER,1308,Asia Polymer Corporation,verified_tw_current_round7,1.0000,Round7 current-code discovery: Yahoo Finance search matched `Asia Polymer Corporation`/1308.TW; code exists in TWSE/TPEx/FinLab Taiwan reference universe. Local refs: APC | 亞洲聚合股份有限公司 | 亞聚,yahoo_name_match_plus_official_current_code_universe,3
TAIWAN,GLOBAL BRANDS MANUFACT,6191,Global Brands Manufacture Ltd.,verified_tw_current_round7,1.0000,Round7 current-code discovery: Yahoo Finance search matched `Global Brands Manufacture Ltd.`/6191.TW; code exists in TWSE/TPEx/FinLab Taiwan reference universe. Local refs: GBM | 精成科 | 精成科技股份有限公司,yahoo_name_match_plus_official_current_code_universe,1
TAIWAN,TAITA CHEMICAL,1309,"Taita Chemical Company, Limited",verified_tw_current_round7,1.0000,"Round7 current-code discovery: Yahoo Finance search matched `Taita Chemical Company, Limited`/1309.TW; code exists in TWSE/TPEx/FinLab Taiwan reference universe. Local refs: TTC | 台達化 | 台達化學工業股份有限公司",yahoo_name_match_plus_official_current_code_universe,2
TAIWAN,VIA LABS,6756,"VIA Labs, Inc.",verified_tw_current_round7,1.0000,"Round7 current-code discovery: Yahoo Finance search matched `VIA Labs, Inc.`/6756.TW; code exists in TWSE/TPEx/FinLab Taiwan reference universe. Local refs: VLI | 威鋒電子 | 威鋒電子股份有限公司",yahoo_name_match_plus_official_current_code_universe,2
TAIWAN,NIDEC CHAUN CHOUNG TECH,6230,Nidec Chaun-Choung Technology Corporation,verified_tw_current_round7,1.0000,Round7 current-code discovery: Yahoo Finance search matched `Nidec Chaun-Choung Technology Corporation`/6230.TW; code exists in TWSE/TPEx/FinLab Taiwan reference universe. Local refs: NCCI | 尼得科超眾 | 尼得科超眾科技股份有限公司,yahoo_name_match_plus_official_current_code_universe,1
TAIWAN,EVERGREEN STEEL,2211,Evergreen Steel Corp.,verified_tw_current_round7,1.0000,Round7 current-code discovery: Yahoo Finance search matched `Evergreen Steel Corp.`/2211.TW; code exists in TWSE/TPEx/FinLab Taiwan reference universe. Local refs: EGST | 長榮鋼 | 長榮鋼鐵股份有限公司,yahoo_name_match_plus_official_current_code_universe,1
TAIWAN,GENESYS LOGIC,6104,"Genesys Logic, Inc.",verified_tw_current_round7,1.0000,"Round7 current-code discovery: Yahoo Finance search matched `Genesys Logic, Inc.`/6104.TWO; code exists in TWSE/TPEx/FinLab Taiwan reference universe. Local refs: GLI | 創惟 | 創惟科技股份有限公司",yahoo_name_match_plus_official_current_code_universe,2
TAIWAN,UPI SEMICONDUCTOR CORP,6719,uPI Semiconductor Corp.,verified_tw_current_round7,1.0000,Round7 current-code discovery: Yahoo Finance search matched `uPI Semiconductor Corp.`/6719.TW; code exists in TWSE/TPEx/FinLab Taiwan reference universe. Local refs: uPI | 力智 | 力智電子股份有限公司,yahoo_name_match_plus_official_current_code_universe,1
TAIWAN,PAN GERMAN UNIVERSAL,2247,Pan German Universal Motors Ltd.,verified_tw_current_round7,1.0000,Round7 current-code discovery: Yahoo Finance search matched `Pan German Universal Motors Ltd.`/2247.TW; code exists in TWSE/TPEx/FinLab Taiwan reference universe. Local refs: PGUM | 汎德永業 | 汎德永業汽車股份有限公司,yahoo_name_match_plus_official_current_code_universe,2
TAIWAN,ALAR PHARMACEUTICALS,6785,Alar Pharmaceuticals Inc.,verified_tw_current_round7,1.0000,Round7 current-code discovery: Yahoo Finance search matched `Alar Pharmaceuticals Inc.`/6785.TWO; code exists in TWSE/TPEx/FinLab Taiwan reference universe. Local refs: Alar | 昱展新藥 | 昱展新藥生技股份有限公司,yahoo_name_match_plus_official_current_code_universe,2
TAIWAN,HD RENEWABLE ENERGY,6873,"HD Renewable Energy Co., Ltd.",verified_tw_current_round7,1.0000,"Round7 current-code discovery: Yahoo Finance search matched `HD Renewable Energy Co., Ltd.`/6873.TW; code exists in TWSE/TPEx/FinLab Taiwan reference universe. Local refs: HDRE | 泓德能源 | 泓德能源科技股份有限公司",yahoo_name_match_plus_official_current_code_universe,2
TAIWAN,HUA ENG WIRE & CABLE CO.,1608,"Hua Eng Wire & Cable Co., Ltd.",verified_tw_current_round7,1.0000,"Round7 current-code discovery: Yahoo Finance search matched `Hua Eng Wire & Cable Co., Ltd.`/1608.TW; code exists in TWSE/TPEx/FinLab Taiwan reference universe. Local refs: HE | 華榮 | 華榮電線電纜股份有限公司",yahoo_name_match_plus_official_current_code_universe,2
TAIWAN,MATERIALS ANALYSIS TECH,3587,Materials Analysis Technology Inc.,verified_tw_current_round7,1.0000,Round7 current-code discovery: Yahoo Finance search matched `Materials Analysis Technology Inc.`/3587.TWO; code exists in TWSE/TPEx/FinLab Taiwan reference universe. Local refs: MA-tek | 閎康 | 閎康科技股份有限公司,yahoo_name_match_plus_official_current_code_universe,2
TAIWAN,APEX INTERNATIONAL,4927,"Apex International Co., Ltd.",verified_tw_historical_round7,1.0000,Round7 official historical delisted source: TPEx EN deListed official delist_date=2015-09-08,official_twse_tpex_delisted_english,2
TAIWAN,CHINA GENERAL PLASTICS,1305,China General Plastics Corporation,verified_tw_current_round7,1.0000,Round7 current-code discovery: Yahoo Finance search matched `China General Plastics Corporation`/1305.TW; code exists in TWSE/TPEx/FinLab Taiwan reference universe. Local refs: CGPC | 華夏 | 華夏海灣塑膠股份有限公司,yahoo_name_match_plus_official_current_code_universe,4
TAIWAN,EVERLIGHT CHEMICAL,1711,Everlight Chemical Industrial Corporation,verified_tw_current_round7,1.0000,Round7 current-code discovery: Yahoo Finance search matched `Everlight Chemical Industrial Corporation`/1711.TW; code exists in TWSE/TPEx/FinLab Taiwan reference universe. Local refs: EVERLIGHT | 永光 | 臺灣永光化學工業股份有限公司,yahoo_name_match_plus_official_current_code_universe,1
TAIWAN,TAIWAN SPECIALITY CHEM,4772,Taiwan Speciality Chemicals Corporation,verified_tw_current_round7,1.0000,Round7 current-code discovery: Yahoo Finance search matched `Taiwan Speciality Chemicals Corporation`/4772.TWO; code exists in TWSE/TPEx/FinLab Taiwan reference universe. Local refs: TSC | 台灣特品化學股份有限公司 | 台特化,yahoo_name_match_plus_official_current_code_universe,1
TAIWAN,LONGCHEN PAPER & PAC CO,1909,"Longchen Paper & Packaging Co., Ltd.",verified_tw_current_round7,1.0000,"Round7 current-code discovery: Yahoo Finance search matched `Longchen Paper & Packaging Co., Ltd.`/1909.TW; code exists in TWSE/TPEx/FinLab Taiwan reference universe. Local refs: Longchen P&P | 榮成 | 榮成紙業股份有限公司",yahoo_name_match_plus_official_current_code_universe,1
TAIWAN,TAIWAN TEA CORP,2913,Taiwan Tea Corporation,verified_tw_current_round7,1.0000,Round7 current-code discovery: Yahoo Finance search matched `Taiwan Tea Corporation`/2913.TW; code exists in TWSE/TPEx/FinLab Taiwan reference universe. Local refs: TTC | 台灣農林股份有限公司 | 農林,yahoo_name_match_plus_official_current_code_universe,1
TAIWAN,UNITED RENEWABLE ENERGY,3576,"United Renewable Energy Co., Ltd.",verified_tw_current_round7,1.0000,"Round7 current-code discovery: Yahoo Finance search matched `United Renewable Energy Co., Ltd.`/3576.TW; code exists in TWSE/TPEx/FinLab Taiwan reference universe. Local refs: URE | 聯合再生 | 聯合再生能源股份有限公司",yahoo_name_match_plus_official_current_code_universe,1
TAIWAN,GALLANT MICRO MACHINING,6640,"Gallant Micro. Machining Co., LTD.",verified_tw_current_round7,1.0000,"Round7 current-code discovery: Yahoo Finance search matched `Gallant Micro. Machining Co., LTD.`/6640.TWO; code exists in TWSE/TPEx/FinLab Taiwan reference universe. Local refs: GMM | 均華 | 均華精密工業股份有限公司",yahoo_name_match_plus_official_current_code_universe,1
TAIWAN,GROUP UP INDUSTRIAL,6664,"Group Up Industrial Co., Ltd.",verified_tw_current_round7,1.0000,"Round7 current-code discovery: Yahoo Finance search matched `Group Up Industrial Co., Ltd.`/6664.TWO; code exists in TWSE/TPEx/FinLab Taiwan reference universe. Local refs: Group Up | 群翊 | 群翊工業股份有限公司",yahoo_name_match_plus_official_current_code_universe,1
TAIWAN,HOTA INDUSTRIAL MFG CO,1536,"Hota Industrial Mfg. Co., Ltd.",verified_tw_current_round7,1.0000,"Round7 current-code discovery: Yahoo Finance search matched `Hota Industrial Mfg. Co., Ltd.`/1536.TW; code exists in TWSE/TPEx/FinLab Taiwan reference universe. Local refs: HOTA | 和大 | 和大工業股份有限公司",yahoo_name_match_plus_official_current_code_universe,2
TAIWAN,POLARIS GROUP,6550,Polaris Group,verified_tw_current_round7,1.0000,Round7 current-code discovery: Yahoo Finance search matched `Polaris Group`/6550.TW; code exists in TWSE/TPEx/FinLab Taiwan reference universe. Local refs: PG | 北極星藥業-KY | 北極星藥業集團股份有限公司,yahoo_name_match_plus_official_current_code_universe,2
TAIWAN,TAIWAN COGENERATION,8926,Taiwan Cogeneration Corporation,verified_tw_current_round7,1.0000,Round7 current-code discovery: Yahoo Finance search matched `Taiwan Cogeneration Corporation`/8926.TW; code exists in TWSE/TPEx/FinLab Taiwan reference universe. Local refs: TCC | 台汽電 | 台灣汽電共生股份有限公司,yahoo_name_match_plus_official_current_code_universe,1
TAIWAN,WAYS TECHNICAL,3508,"Ways Technical Corp., Ltd.",verified_tw_current_round7,1.0000,"Round7 current-code discovery: Yahoo Finance search matched `Ways Technical Corp., Ltd.`/3508.TWO; code exists in TWSE/TPEx/FinLab Taiwan reference universe. Local refs: Ways | 位速 | 位速科技股份有限公司",yahoo_name_match_plus_official_current_code_universe,2
TAIWAN,GENESYS LOGIC INC,6104,"Genesys Logic, Inc.",verified_tw_current_round7,1.0000,"Round7 current-code discovery: Yahoo Finance search matched `Genesys Logic, Inc.`/6104.TWO; code exists in TWSE/TPEx/FinLab Taiwan reference universe. Local refs: GLI | 創惟 | 創惟科技股份有限公司",yahoo_name_match_plus_official_current_code_universe,1
TAIWAN,ENE TECHNOLOGY CO,6243,ENE Technology Inc.,verified_tw_historical_round7,1.0000,Round7 official historical delisted source: TPEx EN deListed official delist_date=2009-12-17,official_twse_tpex_delisted_english,2
TAIWAN,EXCELSIOR MEDICAL CO,4104,"Excelsior Medical Co., Ltd.",verified_tw_current_round7,1.0000,"Round7 current-code discovery: Yahoo Finance search matched `Excelsior Medical Co., Ltd.`/4104.TW; code exists in TWSE/TPEx/FinLab Taiwan reference universe. Local refs: EXCELSIOR | 佳醫 | 佳醫健康事業股份有限公司",yahoo_name_match_plus_official_current_code_universe,2
TAIWAN,LEADTREND TECH CORP,3588,Leadtrend Technology Corporation,verified_tw_current_round7,1.0000,Round7 current-code discovery: Yahoo Finance search matched `Leadtrend Technology Corporation`/3588.TW; code exists in TWSE/TPEx/FinLab Taiwan reference universe. Local refs: LD | 通嘉 | 通嘉科技股份有限公司,yahoo_name_match_plus_official_current_code_universe,2
TAIWAN,NETRONIX,6143,"Netronix, Inc.",verified_tw_current_round7,1.0000,"Round7 current-code discovery: Yahoo Finance search matched `Netronix, Inc.`/6143.TWO; code exists in TWSE/TPEx/FinLab Taiwan reference universe. Local refs: NETRONIXINC. | 振曜 | 振曜科技股份有限公司",yahoo_name_match_plus_official_current_code_universe,2
TAIWAN,OCEAN PLASTICS CO,1321,"Ocean Plastics Co., Ltd.",verified_tw_current_round7,1.0000,"Round7 current-code discovery: Yahoo Finance search matched `Ocean Plastics Co., Ltd.`/1321.TW; code exists in TWSE/TPEx/FinLab Taiwan reference universe. Local refs: OPC | 大洋 | 大洋塑膠工業股份有限公司",yahoo_name_match_plus_official_current_code_universe,2
TAIWAN,SHINKONG INSURANCE CO,2850,"Shinkong Insurance Co., Ltd.",verified_tw_current_round7,1.0000,"Round7 current-code discovery: Yahoo Finance search matched `Shinkong Insurance Co., Ltd.`/2850.TW; code exists in TWSE/TPEx/FinLab Taiwan reference universe. Local refs: SK Insurance | 新光產物保險股份有限公司 | 新產",yahoo_name_match_plus_official_current_code_universe,1
TAIWAN,VISUAL PHOTONICS EPITAXY,2455,"Visual Photonics Epitaxy Co., Ltd.",verified_tw_current_round7,1.0000,"Round7 current-code discovery: Yahoo Finance search matched `Visual Photonics Epitaxy Co., Ltd.`/2455.TW; code exists in TWSE/TPEx/FinLab Taiwan reference universe. Local refs: VPEC | 全新 | 全新光電科技股份有限公司",yahoo_name_match_plus_official_current_code_universe,1
TAIWAN,YEH-CHIANG TECH,6124,Yeh Chiang Technology Corporation,verified_tw_current_round7,1.0000,Round7 current-code discovery: Yahoo Finance search matched `Yeh Chiang Technology Corporation`/6124.TWO; code exists in TWSE/TPEx/FinLab Taiwan reference universe. Local refs: YCTC | 業強 | 業強科技股份有限公司,yahoo_name_match_plus_official_current_code_universe,1
TAIWAN,ACHEM TECHNOLOGY,1715,ACHEM,verified_tw_historical_round7,1.0000,Round7 official historical delisted source: TWSE EN suspendListing official delist_date=2017/10/25,official_twse_tpex_delisted_english,2
TAIWAN,FORMOSAN UNION CHEMICAL,1709,Formosan Union Chemical Corp.,verified_tw_current_round7,1.0000,Round7 current-code discovery: Yahoo Finance search matched `Formosan Union Chemical Corp.`/1709.TW; code exists in TWSE/TPEx/FinLab Taiwan reference universe. Local refs: FUCC | 和益 | 和益化學工業股份有限公司,yahoo_name_match_plus_official_current_code_universe,2
TAIWAN,PACIFIC HOSPITAL SUPPLY,4126,"Pacific Hospital Supply Co., Ltd",verified_tw_current_round7,1.0000,"Round7 current-code discovery: Yahoo Finance search matched `Pacific Hospital Supply Co., Ltd`/4126.TWO; code exists in TWSE/TPEx/FinLab Taiwan reference universe. Local refs: PAHSCO | 太平洋醫材股份有限公司 | 太醫",yahoo_name_match_plus_official_current_code_universe,1
TAIWAN,STANDARD CHEMICAL&PHARM,1720,"Standard Chemical & Pharmaceutical Co., Ltd.",verified_tw_current_round7,1.0000,"Round7 current-code discovery: Yahoo Finance search matched `Standard Chemical & Pharmaceutical Co., Ltd.`/1720.TW; code exists in TWSE/TPEx/FinLab Taiwan reference universe. Local refs: S.C.P.C | 生達 | 生達化學製藥股份有限公司",yahoo_name_match_plus_official_current_code_universe,1
TAIWAN,WAN HWA ENTERPRISE,2701,Wan Hwa Enterprise Company Ltd.,verified_tw_current_round7,1.0000,Round7 current-code discovery: Yahoo Finance search matched `Wan Hwa Enterprise Company Ltd.`/2701.TW; code exists in TWSE/TPEx/FinLab Taiwan reference universe. Local refs: WANHWA | 萬企 | 萬華企業股份有限公司,yahoo_name_match_plus_official_current_code_universe,2
TAIWAN,PRINCO CORP,8053,PRINCO CORP.,verified_tw_historical_round7,1.0000,Round7 official historical delisted source: TPEx EN deListed official delist_date=2016-05-11,official_twse_tpex_delisted_english,1
TAIWAN,CHINA STEEL STRUCTURE CO,2013,"China Steel Structure Co., Ltd.",verified_tw_current_round7,1.0000,"Round7 current-code discovery: Yahoo Finance search matched `China Steel Structure Co., Ltd.`/2013.TW; code exists in TWSE/TPEx/FinLab Taiwan reference universe. Local refs: CSSC | 中國鋼鐵結構股份有限公司 | 中鋼構",yahoo_name_match_plus_official_current_code_universe,2
TAIWAN,EFUN TECHNOLOGY,3523,"EFUN Technology Co.,Ltd",verified_tw_current_round7,1.0000,"Round7 current-code discovery: Yahoo Finance search matched `EFUN Technology Co.,Ltd`/3523.TWO; code exists in TWSE/TPEx/FinLab Taiwan reference universe. Local refs: EFUN | 迎輝 | 迎輝科技股份有限公司",yahoo_name_match_plus_official_current_code_universe,1
TAIWAN,MICROELECTRONICS TECH,2314,Microelectronics Technology Inc.,verified_tw_current_round7,1.0000,Round7 current-code discovery: Yahoo Finance search matched `Microelectronics Technology Inc.`/2314.TW; code exists in TWSE/TPEx/FinLab Taiwan reference universe. Local refs: MTI | 台揚 | 台揚科技股份有限公司,yahoo_name_match_plus_official_current_code_universe,1
TAIWAN,O-TA PRECISION INDUSTRY,8924,"O-TA Precision Industry Co., Ltd.",verified_tw_current_round7,1.0000,"Round7 current-code discovery: Yahoo Finance search matched `O-TA Precision Industry Co., Ltd.`/8924.TWO; code exists in TWSE/TPEx/FinLab Taiwan reference universe. Local refs: O-TA | 大田 | 大田精密工業股份有限公司",yahoo_name_match_plus_official_current_code_universe,1
TAIWAN,PARAGON TECHNOLOGIES CO,3518,"Paragon Technologies Co., Ltd.",verified_tw_current_round7,1.0000,"Round7 current-code discovery: Yahoo Finance search matched `Paragon Technologies Co., Ltd.`/3518.TW; code exists in TWSE/TPEx/FinLab Taiwan reference universe. Local refs: PT TECH. | 柏騰 | 柏騰科技股份有限公司",yahoo_name_match_plus_official_current_code_universe,1
TAIWAN,PORTWELL INC,6105,"Portwell, Inc.",verified_tw_historical_round7,1.0000,Round7 official historical delisted source: TPEx EN deListed official delist_date=2017-10-17,official_twse_tpex_delisted_english,1
TAIWAN,TAIWAN CHI CHENG ENT.,3095,"Chi Cheng Enterprise Co., Ltd.",verified_tw_current_round7,1.0000,"Round7 current-code discovery: Yahoo Finance search matched `Chi Cheng Enterprise Co., Ltd.`/3095.TWO; code exists in TWSE/TPEx/FinLab Taiwan reference universe. Local refs: CCC | 及成 | 及成企業股份有限公司",yahoo_name_match_plus_official_current_code_universe,1
TAIWAN,THAILIN SEMICONDUCTOR,5466,ThaiLin Semiconductor Corp.,verified_tw_historical_round7,1.0000,Round7 official historical delisted source: TPEx EN deListed official delist_date=2015-06-17,official_twse_tpex_delisted_english,1
TAIWAN,ROTAM GLOBAL AGROSCIE,4141,ROTAM,verified_tw_historical_round7,1.0000,Round7 official historical delisted source: TWSE EN suspendListing official delist_date=2022/05/03,official_twse_tpex_delisted_english,1
TAIWAN,KYE SYSTEMS CORP,2365,KYE Systems Corp.,verified_tw_current_round7,1.0000,Round7 current-code discovery: Yahoo Finance search matched `KYE Systems Corp.`/2365.TW; code exists in TWSE/TPEx/FinLab Taiwan reference universe. Local refs: KYE | 昆盈 | 昆盈企業股份有限公司,yahoo_name_match_plus_official_current_code_universe,1
TAIWAN,FIRST STEAMSHIP,2601,"First Steamship Co., Ltd.",verified_tw_current_round7,1.0000,"Round7 current-code discovery: Yahoo Finance search matched `First Steamship Co., Ltd.`/2601.TW; code exists in TWSE/TPEx/FinLab Taiwan reference universe. Local refs: FSC | 益航 | 益航股份有限公司",yahoo_name_match_plus_official_current_code_universe,2
TAIWAN,ORIENT EUROPHARMA CO,4120,"Orient EuroPharma Co., Ltd.",verified_tw_current_round7,1.0000,"Round7 current-code discovery: Yahoo Finance search matched `Orient EuroPharma Co., Ltd.`/4120.TWO; code exists in TWSE/TPEx/FinLab Taiwan reference universe. Local refs: OEP | 友華 | 友華生技醫藥股份有限公司",yahoo_name_match_plus_official_current_code_universe,2
TAIWAN,TANG ENG IRON WORKS CO,2035,"Tang Eng Iron Works Co., Ltd.",verified_tw_current_round7,1.0000,"Round7 current-code discovery: Yahoo Finance search matched `Tang Eng Iron Works Co., Ltd.`/2035.TWO; code exists in TWSE/TPEx/FinLab Taiwan reference universe. Local refs: TE | 唐榮公司 | 唐榮鐵工廠股份有限公司",yahoo_name_match_plus_official_current_code_universe,1
TAIWAN,XPEC ENTERTAINMENT,3662,XPEC Entertainment Inc.,verified_tw_historical_round7,1.0000,Round7 official historical delisted source: TPEx EN deListed official delist_date=2017-10-19,official_twse_tpex_delisted_english,2
TAIWAN,FSP TECHNOLOGY,3015,FSP Technology Inc.,verified_tw_current_round7,1.0000,Round7 current-code discovery: Yahoo Finance search matched `FSP Technology Inc.`/3015.TW; code exists in TWSE/TPEx/FinLab Taiwan reference universe. Local refs: FSP | 全漢 | 全漢企業股份有限公司,yahoo_name_match_plus_official_current_code_universe,1
TAIWAN,GREAT TAIPEI GAS,9908,The Great Taipei Gas Corporation,verified_tw_current_round7,1.0000,Round7 current-code discovery: Yahoo Finance search matched `The Great Taipei Gas Corporation`/9908.TW; code exists in TWSE/TPEx/FinLab Taiwan reference universe. Local refs: GTG | 大台北 | 大台北區瓦斯股份有限公司,yahoo_name_match_plus_official_current_code_universe,1
TAIWAN,KWONG FONG INDUSTRIES,1416,Kwong Fong Industries Corporation,verified_tw_current_round7,1.0000,Round7 current-code discovery: Yahoo Finance search matched `Kwong Fong Industries Corporation`/1416.TW; code exists in TWSE/TPEx/FinLab Taiwan reference universe. Local refs: KFIC | 廣豐 | 廣豐實業股份有限公司,yahoo_name_match_plus_official_current_code_universe,1
TAIWAN,LINGSEN PRECISION IND,2369,"Lingsen Precision Industries, Ltd.",verified_tw_current_round7,1.0000,"Round7 current-code discovery: Yahoo Finance search matched `Lingsen Precision Industries, Ltd.`/2369.TW; code exists in TWSE/TPEx/FinLab Taiwan reference universe. Local refs: LPI | 菱生 | 菱生精密工業股份有限公司",yahoo_name_match_plus_official_current_code_universe,1
TAIWAN,SILICON INTEGRATED SYS,2363,Silicon Integrated Systems Corp.,verified_tw_current_round7,1.0000,Round7 current-code discovery: Yahoo Finance search matched `Silicon Integrated Systems Corp.`/2363.TW; code exists in TWSE/TPEx/FinLab Taiwan reference universe. Local refs: SiS | 矽統 | 矽統科技股份有限公司,yahoo_name_match_plus_official_current_code_universe,2
TAIWAN,TSANN KUEN ENTERPRISE CO,2430,"Tsann Kuen Enterprise Co.,Ltd",verified_tw_current_round7,1.0000,"Round7 current-code discovery: Yahoo Finance search matched `Tsann Kuen Enterprise Co.,Ltd`/2430.TW; code exists in TWSE/TPEx/FinLab Taiwan reference universe. Local refs: TKE | 燦坤 | 燦坤實業股份有限公司",yahoo_name_match_plus_official_current_code_universe,1
TAIWAN,USUN TECHNOLOGY,3498,"Usun Technology Co., Ltd.",verified_tw_current_round7,1.0000,"Round7 current-code discovery: Yahoo Finance search matched `Usun Technology Co., Ltd.`/3498.TWO; code exists in TWSE/TPEx/FinLab Taiwan reference universe. Local refs: USUN | 陽程 | 陽程科技股份有限公司",yahoo_name_match_plus_official_current_code_universe,1
TAIWAN,LION TRAVEL SERVICE,2731,"Lion Travel Service Co., Ltd.",verified_tw_current_round7,1.0000,"Round7 current-code discovery: Yahoo Finance search matched `Lion Travel Service Co., Ltd.`/2731.TW; code exists in TWSE/TPEx/FinLab Taiwan reference universe. Local refs: Liontravel | 雄獅 | 雄獅旅行社股份有限公司",yahoo_name_match_plus_official_current_code_universe,2
TAIWAN,GLOBAL MIXED-MODE TECH,8081,GLOBAL MIXED-MODE TECHNOLOGY INC,verified_tw_historical_round7,1.0000,Round7 official historical delisted source: TPEx EN deListed official delist_date=2008-12-30,official_twse_tpex_delisted_english,2
TAIWAN,KINGS TOWN CONSTRUCTION,2524,"King's Town Construction Co., Ltd.",verified_tw_current_round7,0.9787,"Round7 current-code discovery: Yahoo Finance search matched `King's Town Construction Co., Ltd.`/2524.TW; code exists in TWSE/TPEx/FinLab Taiwan reference universe. Local refs: KTC | 京城 | 京城建設股份有限公司",yahoo_name_match_plus_official_current_code_universe,1
TAIWAN,CHAROEN POKPHAND ENT,1215,"Charoen Pokphand Enterprise (Taiwan) Co., Ltd.",verified_tw_current_round7,1.0000,"Round7 current-code discovery: Yahoo Finance search matched `Charoen Pokphand Enterprise (Taiwan) Co., Ltd.`/1215.TW; code exists in TWSE/TPEx/FinLab Taiwan reference universe. Local refs: CPE | 卜蜂 | 台灣卜蜂企業股份有限公司",yahoo_name_match_plus_official_current_code_universe,1
TAIWAN,CHUNGHWA PRECISION TEST,6510,"Chunghwa Precision Test Tech. Co., Ltd.",verified_tw_current_round7,1.0000,"Round7 current-code discovery: Yahoo Finance search matched `Chunghwa Precision Test Tech. Co., Ltd.`/6510.TWO; code exists in TWSE/TPEx/FinLab Taiwan reference universe. Local refs: CHPT | 中華精測科技股份有限公司 | 精測",yahoo_name_match_plus_official_current_code_universe,1
TAIWAN,KEE TAI PROPERTIES CO,2538,"Kee Tai Properties Co., Ltd.",verified_tw_current_round7,1.0000,"Round7 current-code discovery: Yahoo Finance search matched `Kee Tai Properties Co., Ltd.`/2538.TW; code exists in TWSE/TPEx/FinLab Taiwan reference universe. Local refs: KeeTai | 基泰 | 基泰建設股份有限公司",yahoo_name_match_plus_official_current_code_universe,1
TAIWAN,RICH DEVELOPMENT CO,5512,"Rich Development Co., Ltd.",verified_tw_current_round7,1.0000,"Round7 current-code discovery: Yahoo Finance search matched `Rich Development Co., Ltd.`/5512.TWO; code exists in TWSE/TPEx/FinLab Taiwan reference universe. Local refs: RICH | 力麒 | 力麒建設股份有限公司",yahoo_name_match_plus_official_current_code_universe,1
TAIWAN,CHILISIN ELECTRS CORP,2456,CHILISIN,verified_tw_historical_round7,1.0000,Round7 official historical delisted source: TWSE EN suspendListing official delist_date=2022/01/05,official_twse_tpex_delisted_english,1
TAIWAN,KS TERMINALS,3003,K.S. Terminals Inc.,verified_tw_current_round7,0.9600,Round7 current-code discovery: Yahoo Finance search matched `K.S. Terminals Inc.`/3003.TW; code exists in TWSE/TPEx/FinLab Taiwan reference universe. Local refs: KST | 健和興 | 健和興端子股份有限公司,yahoo_name_match_plus_official_current_code_universe,2
TAIWAN,NUVOTON TECHNOLOGY,4919,Nuvoton Technology Corporation,verified_tw_current_round7,1.0000,Round7 current-code discovery: Yahoo Finance search matched `Nuvoton Technology Corporation`/4919.TW; code exists in TWSE/TPEx/FinLab Taiwan reference universe. Local refs: NTC | 新唐 | 新唐科技股份有限公司,yahoo_name_match_plus_official_current_code_universe,3
TAIWAN,QUANG VIET ENTERPRISE,4438,"Quang Viet Enterprise Co., Ltd.",verified_tw_current_round7,1.0000,"Round7 current-code discovery: Yahoo Finance search matched `Quang Viet Enterprise Co., Ltd.`/4438.TW; code exists in TWSE/TPEx/FinLab Taiwan reference universe. Local refs: QVE | 廣越 | 廣越企業股份有限公司",yahoo_name_match_plus_official_current_code_universe,2
TAIWAN,FORMOSAN RUBBER GROUP,2107,Formosan Rubber Group Inc.,verified_tw_current_round7,1.0000,Round7 current-code discovery: Yahoo Finance search matched `Formosan Rubber Group Inc.`/2107.TW; code exists in TWSE/TPEx/FinLab Taiwan reference universe. Local refs: FRG | 厚生 | 厚生股份有限公司,yahoo_name_match_plus_official_current_code_universe,1
TAIWAN,KUOYANG CONSTRUCTION,2505,"Kuo Yang Construction Co., Ltd.",verified_tw_current_round7,0.9756,"Round7 current-code discovery: Yahoo Finance search matched `Kuo Yang Construction Co., Ltd.`/2505.TW; code exists in TWSE/TPEx/FinLab Taiwan reference universe. Local refs: ky | 國揚 | 國揚實業股份有限公司",yahoo_name_match_plus_official_current_code_universe,3
TAIWAN,SUNSPRING METAL,2062,Sunspring Metal Corporation,verified_tw_current_round7,1.0000,Round7 current-code discovery: Yahoo Finance search matched `Sunspring Metal Corporation`/2062.TW; code exists in TWSE/TPEx/FinLab Taiwan reference universe. Local refs: SSM | 橋椿 | 橋椿金屬股份有限公司,yahoo_name_match_plus_official_current_code_universe,1
TAIWAN,TAIWAN FIRE & MARINE INS,2832,"Taiwan Fire & Marine Insurance Co., Ltd.",verified_tw_current_round7,1.0000,"Round7 current-code discovery: Yahoo Finance search matched `Taiwan Fire & Marine Insurance Co., Ltd.`/2832.TW; code exists in TWSE/TPEx/FinLab Taiwan reference universe. Local refs: TFMI | 台灣產物保險股份有限公司 | 台產",yahoo_name_match_plus_official_current_code_universe,1
TAIWAN,CENTURY IRON & STEEL,9958,"Century Iron and Steel Industrial Co.,Ltd.",verified_tw_current_round7,1.0000,"Round7 current-code discovery: Yahoo Finance search matched `Century Iron and Steel Industrial Co.,Ltd.`/9958.TW; code exists in TWSE/TPEx/FinLab Taiwan reference universe. Local refs: CIS | 世紀鋼 | 世紀鋼鐵結構股份有限公司",yahoo_name_match_plus_official_current_code_universe,1
TAIWAN,ALPHA NETWORKS,3380,Alpha Networks Inc.,verified_tw_current_round7,1.0000,Round7 current-code discovery: Yahoo Finance search matched `Alpha Networks Inc.`/3380.TW; code exists in TWSE/TPEx/FinLab Taiwan reference universe. Local refs: Alpha | 明泰 | 明泰科技股份有限公司,yahoo_name_match_plus_official_current_code_universe,2
TAIWAN,GLORIA MATERIAL TECH,5009,Gloria Material Technology Corp.,verified_tw_current_round7,1.0000,Round7 current-code discovery: Yahoo Finance search matched `Gloria Material Technology Corp.`/5009.TWO; code exists in TWSE/TPEx/FinLab Taiwan reference universe. Local refs: GMTC | 榮剛 | 榮剛材料科技股份有限公司,yahoo_name_match_plus_official_current_code_universe,1
TAIWAN,TWI PHARMACEUTICALS,4180,"TWi Pharmaceuticals, Inc.",verified_tw_historical_round7,1.0000,Round7 official historical delisted source: TPEx EN deListed official delist_date=2019-08-05,official_twse_tpex_delisted_english,1
TAIWAN,YUNG CHI PAINT & VARNISH,1726,"Yung Chi Paint & Varnish Mfg.Co.,Ltd",verified_tw_current_round7,1.0000,"Round7 current-code discovery: Yahoo Finance search matched `Yung Chi Paint & Varnish Mfg.Co.,Ltd`/1726.TW; code exists in TWSE/TPEx/FinLab Taiwan reference universe. Local refs: Y.C.P. | 永記 | 永記造漆工業股份有限公司",yahoo_name_match_plus_official_current_code_universe,1
TAIWAN,UNIVERSAL CEMENT,1104,Universal Cement Corporation,verified_tw_current_round7,1.0000,Round7 current-code discovery: Yahoo Finance search matched `Universal Cement Corporation`/1104.TW; code exists in TWSE/TPEx/FinLab Taiwan reference universe. Local refs: UCC | 環泥 | 環球水泥股份有限公司,yahoo_name_match_plus_official_current_code_universe,2
TAIWAN,UNIVERSAL VISION BIOTECH,3218,"Universal Vision Biotechnology Co., Ltd.",verified_tw_current_round7,1.0000,"Round7 current-code discovery: Yahoo Finance search matched `Universal Vision Biotechnology Co., Ltd.`/3218.TWO; code exists in TWSE/TPEx/FinLab Taiwan reference universe. Local refs: UNIVERSAL | 大學光 | 大學光學科技股份有限公司",yahoo_name_match_plus_official_current_code_universe,2
TAIWAN,ADVANCED ENERGY SOLUTION,6781,"Advanced Energy Solution Holding Co., Ltd.",verified_tw_current_round7,1.0000,"Round7 current-code discovery: Yahoo Finance search matched `Advanced Energy Solution Holding Co., Ltd.`/6781.TW; code exists in TWSE/TPEx/FinLab Taiwan reference universe. Local refs: AES Holding Co. Ltd. | AES Holding Co., Ltd. | AES-KY",yahoo_name_match_plus_official_current_code_universe,1
TAIWAN,T3EX GLOBAL HOLDINGS,2636,T3EX Global Holdings Corp.,verified_tw_historical_round7,1.0000,Round7 official historical delisted source: TPEx EN deListed official delist_date=2016-12-22,official_twse_tpex_delisted_english,2
TAIWAN,ATEN INTERNATIONAL,6277,"Aten International Co., Ltd",verified_tw_current_round7,1.0000,"Round7 current-code discovery: Yahoo Finance search matched `Aten International Co., Ltd`/6277.TW; code exists in TWSE/TPEx/FinLab Taiwan reference universe. Local refs: ATEN | 宏正 | 宏正自動科技股份有限公司",yahoo_name_match_plus_official_current_code_universe,1
TAIWAN,CHC RESOURCES CORP,9930,CHC Resources Corporation,verified_tw_current_round7,1.0000,Round7 current-code discovery: Yahoo Finance search matched `CHC Resources Corporation`/9930.TW; code exists in TWSE/TPEx/FinLab Taiwan reference universe. Local refs: CHC | 中聯資源 | 中聯資源股份有限公司,yahoo_name_match_plus_official_current_code_universe,1
TAIWAN,HUNG SHENG CONSTRUCTION,2534,"Hung Sheng Construction Co., Ltd.",verified_tw_current_round7,1.0000,"Round7 current-code discovery: Yahoo Finance search matched `Hung Sheng Construction Co., Ltd.`/2534.TW; code exists in TWSE/TPEx/FinLab Taiwan reference universe. Local refs: HSC | 宏盛 | 宏盛建設股份有限公司",yahoo_name_match_plus_official_current_code_universe,1
TAIWAN,IEI INTEGRATION CORP,3022,IEI Integration Corp.,verified_tw_current_round7,1.0000,Round7 current-code discovery: Yahoo Finance search matched `IEI Integration Corp.`/3022.TW; code exists in TWSE/TPEx/FinLab Taiwan reference universe. Local refs: IEI | 威強電 | 威強電工業電腦股份有限公司,yahoo_name_match_plus_official_current_code_universe,1
TAIWAN,BORA PHARMACEUTICALS,6472,"Bora Pharmaceuticals Co., Ltd.",verified_tw_historical_round7,1.0000,Round7 official historical delisted source: TPEx EN deListed official delist_date=2023-12-19,official_twse_tpex_delisted_english,1
TAIWAN,SAKURA DEVELOPMENT,2539,"Sakura Development Co.,Ltd",verified_tw_current_round7,1.0000,"Round7 current-code discovery: Yahoo Finance search matched `Sakura Development Co.,Ltd`/2539.TW; code exists in TWSE/TPEx/FinLab Taiwan reference universe. Local refs: SAKURAD | 櫻花建 | 櫻花建設股份有限公司",yahoo_name_match_plus_official_current_code_universe,1
TAIWAN,JSL CONSTRUCTION & DEV,2540,"JSL Construction & Development Co., Ltd.",verified_tw_current_round7,1.0000,"Round7 current-code discovery: Yahoo Finance search matched `JSL Construction & Development Co., Ltd.`/2540.TW; code exists in TWSE/TPEx/FinLab Taiwan reference universe. Local refs: JSL | 愛山林 | 愛山林建設開發股份有限公司",yahoo_name_match_plus_official_current_code_universe,1
TAIWAN,NORTH STAR INTERNATIONAL,8927,"North-Star International Co., LTD.",verified_tw_current_round7,1.0000,"Round7 current-code discovery: Yahoo Finance search matched `North-Star International Co., LTD.`/8927.TWO; code exists in TWSE/TPEx/FinLab Taiwan reference universe. Local refs: Pei Chi | 北基 | 北基國際股份有限公司",yahoo_name_match_plus_official_current_code_universe,2
TAIWAN,APEX DYNAMICS,4583,"Apex Dynamics, Inc.",verified_tw_current_round7,1.0000,"Round7 current-code discovery: Yahoo Finance search matched `Apex Dynamics, Inc.`/4583.TW; code exists in TWSE/TPEx/FinLab Taiwan reference universe. Local refs: APEXDYNA | 台灣精銳 | 台灣精銳科技股份有限公司",yahoo_name_match_plus_official_current_code_universe,1
TAIWAN,YC INOX CO,2034,"YC Inox Co.,Ltd",verified_tw_current_round7,1.0000,"Round7 current-code discovery: Yahoo Finance search matched `YC Inox Co.,Ltd`/2034.TW; code exists in TWSE/TPEx/FinLab Taiwan reference universe. Local refs: YC | 允強 | 允強實業股份有限公司",yahoo_name_match_plus_official_current_code_universe,1
TAIWAN,INTELLIGO TECHNOLOGY,7749,INTELLIGO TECHNOLOGY INC,verified_tw_current_round7,1.0000,Round7 current-code discovery: Yahoo Finance search matched `INTELLIGO TECHNOLOGY INC`/7749.TW; code exists in TWSE/TPEx/FinLab Taiwan reference universe. Local refs: iGo-KY | 意騰-KY | 意騰科技股份有限公司,yahoo_name_match_plus_official_current_code_universe,1
